WORD,FROM,TO,SPEAKER,SPOKEN_TIME,LABEL
%HESITATION,2.53,2.66,0,0.13,0
hello,2.66,3.11,0,0.45,0
it's,3.11,3.28,0,0.17,0
missus,3.9,4.34,0,0.44,0
may,4.34,4.71,0,0.37,0
hello,5.84,6.28,2,0.44,0
yes,6.28,6.73,2,0.45,0
it's,6.73,6.98,2,0.25,0
%HESITATION,6.98,7.19,2,0.21,0
Mrs,7.19,7.59,2,0.4,0
Smith,7.59,7.9,2,0.31,0
%HESITATION,8.9,9.09,0,0.19,0
high,9.09,9.54,0,0.45,0
%HESITATION,9.54,10.07,0,0.53,0
my,10.24,10.5,0,0.26,0
name,10.5,10.79,0,0.29,0
is,10.79,11.27,0,0.48,0
%HESITATION,11.3,11.55,0,0.25,0
talk,11.55,11.88,0,0.33,0
to,11.88,12.05,0,0.17,0
snow,12.05,12.68,0,0.63,0
%HESITATION,12.71,12.94,0,0.23,0
%HESITATION,12.97,13.55,0,0.58,0
I,13.9,14.06,0,0.16,0
think,14.06,14.52,0,0.46,0
you,14.52,14.79,0,0.27,0
were,14.79,15,0,0.21,0
expecting,15,15.6,0,0.6,0
me,15.6,15.89,0,0.29,0
to,15.92,16.05,0,0.13,0
give,16.05,16.27,0,0.22,0
you,16.27,16.63,0,0.36,0
a,16.66,16.86,0,0.2,0
call,16.86,17.35,0,0.49,0
this,17.35,17.56,0,0.21,0
afternoon,17.56,18.37,0,0.81,0
yes,19.54,20.07,2,0.53,0
yes,20.1,20.54,2,0.44,0
%HESITATION,20.54,20.9,2,0.36,0
talk,20.9,21.25,2,0.35,0
to,21.25,21.6,2,0.35,0
my,21.66,21.94,2,0.28,0
office,21.94,22.27,2,0.33,0
%HESITATION,22.86,23.2,2,0.34,0
not,23.2,23.44,2,0.24,0
around,23.44,23.92,2,0.48,0
anymore,23.92,24.53,2,0.61,0
%HESITATION,24.66,24.78,2,0.12,0
see,24.78,25.1,2,0.32,0
I,25.1,25.18,2,0.08,0
think,25.18,25.52,2,0.34,0
he's,25.77,26.11,2,0.34,0
yes,29.35,29.93,0,0.58,0
he,30.18,30.35,0,0.17,0
he,30.35,30.64,0,0.29,0
he,30.64,30.9,0,0.26,0
yeah,30.9,31.04,0,0.14,0
she,31.04,31.29,0,0.25,0
retired,31.29,32.05,0,0.76,0
but,32.08,32.22,0,0.14,0
I,32.22,32.34,0,0.12,0
have,32.34,32.58,0,0.24,0
a,32.58,32.62,0,0.04,0
%HESITATION,32.62,32.75,0,0.13,0
your,32.75,32.96,0,0.21,0
nose,32.96,33.33,0,0.37,0
%HESITATION,35.1,35.41,0,0.31,0
I,35.49,35.69,0,0.2,0
just,35.69,36.01,0,0.32,0
need,36.01,36.29,0,0.28,0
to,36.29,36.56,0,0.27,0
double,36.86,37.24,0,0.38,0
check,37.24,37.84,0,0.6,0
and,37.87,38.07,0,0.2,0
could,38.07,38.23,0,0.16,0
you,38.23,38.36,0,0.13,0
just,38.36,38.58,0,0.22,0
give,38.58,38.74,0,0.16,0
me,38.74,38.88,0,0.14,0
your,38.88,39.05,0,0.17,0
best,39.56,39.97,0,0.41,0
assessment,39.97,40.56,0,0.59,0
so,40.56,40.8,0,0.24,0
I,40.8,40.89,0,0.09,0
know,40.89,41.12,0,0.23,0
I've,41.12,41.29,0,0.17,0
got,41.29,41.46,0,0.17,0
the,41.46,41.56,0,0.1,0
right,41.56,41.79,0,0.23,0
path,41.79,42.03,0,0.24,0
%HESITATION,42.48,42.68,2,0.2,0
yes,42.68,43.17,2,0.49,0
it's,43.17,43.47,2,0.3,0
%HESITATION,43.47,43.63,2,0.16,0
for,43.63,43.98,2,0.35,0
my,44.24,44.79,2,0.55,0
%HESITATION,44.82,45.3,2,0.48,0
nineteen,45.33,46.16,2,0.83,0
fifty,46.16,46.7,2,0.54,0
one,46.7,47.13,2,0.43,0
that's,47.64,47.93,0,0.29,0
great,47.93,48.43,0,0.5,0
thank,48.48,48.78,0,0.3,0
you,48.78,49.21,0,0.43,0
%HESITATION,49.24,49.64,0,0.4,0
cause,49.72,49.93,0,0.21,0
I,49.93,50.01,0,0.08,0
say,50.01,50.24,0,0.23,0
mine,50.24,50.53,0,0.29,0
my,50.56,50.72,0,0.16,0
name,50.72,50.97,0,0.25,0
is,50.97,51.23,0,0.26,0
%HESITATION,51.23,51.47,0,0.24,0
doctor,51.47,51.86,0,0.39,0
so,51.86,52.4,0,0.54,0
and,52.76,53.16,0,0.4,0
and,53.19,53.6,0,0.41,0
%HESITATION,53.6,53.83,0,0.23,0
the,53.83,53.94,0,0.11,0
reason,53.94,54.32,0,0.38,0
that,54.32,54.49,0,0.17,0
I,54.49,54.59,0,0.1,0
wanted,54.59,55.05,0,0.46,0
to,55.05,55.19,0,0.14,0
speak,55.19,55.63,0,0.44,0
with,55.63,55.78,0,0.15,0
you,55.78,56.2,0,0.42,0
it's,56.3,56.5,0,0.2,0
all,56.5,56.76,0,0.26,0
need,56.8,57.21,0,0.41,0
is,57.32,57.63,0,0.31,0
to,57.75,58.33,0,0.58,0
just,58.75,59.03,0,0.28,0
catch,59.03,59.34,0,0.31,0
up,59.34,59.5,0,0.16,0
with,59.5,59.64,0,0.14,0
you,59.64,59.78,0,0.14,0
because,59.78,59.92,0,0.14,0
I,59.92,60,0,0.08,0
know,60,60.21,0,0.21,0
you've,60.21,60.57,0,0.36,0
you've,60.6,60.88,0,0.28,0
just,60.88,61.22,0,0.34,0
come,61.22,61.38,0,0.16,0
out,61.38,61.59,0,0.21,0
to,61.59,61.67,0,0.08,0
the,61.67,61.75,0,0.08,0
hospital,61.75,62.38,0,0.63,0
and,62.38,62.56,0,0.18,0
I,62.56,62.73,0,0.17,0
I,62.73,62.89,0,0.16,0
understand,62.89,63.56,0,0.67,0
that,63.56,63.66,0,0.1,0
you've,63.66,63.87,0,0.21,0
had,63.87,64.1,0,0.23,0
you,64.37,64.58,0,0.21,0
been,64.58,64.78,0,0.2,0
in,64.78,64.93,0,0.15,0
quite,64.93,65.25,0,0.32,0
a,65.25,65.31,0,0.06,0
few,65.31,65.6,0,0.29,0
times,65.6,66.1,0,0.5,0
over,66.1,66.31,0,0.21,0
the,66.31,66.41,0,0.1,0
last,66.41,66.74,0,0.33,0
few,66.74,66.95,0,0.21,0
months,66.95,67.34,0,0.39,0
is,67.88,68,0,0.12,0
that,68,68.21,0,0.21,0
right,68.21,68.64,0,0.43,0
yes,69.18,69.76,2,0.58,0
now,69.79,70.05,2,0.26,0
I,70.05,70.23,2,0.18,0
have,70.23,70.61,2,0.38,0
%HESITATION,70.61,71.14,2,0.53,0
I,71.14,71.22,2,0.08,0
think,71.22,71.54,2,0.32,0
it's,71.54,71.72,2,0.18,0
been,71.72,71.93,2,0.21,0
three,71.93,72.3,2,0.37,0
times,72.3,72.91,2,0.61,0
now,72.91,73.24,2,0.33,0
the,73.24,73.43,2,0.19,0
I,73.43,73.64,2,0.21,0
I've,73.64,73.92,2,0.28,0
been,73.92,74.2,2,0.28,0
in,74.2,74.39,2,0.19,0
the,74.83,74.95,2,0.12,0
last,74.95,75.35,2,0.4,0
few,75.35,75.56,2,0.21,0
months,75.56,76.14,2,0.58,0
with,76.14,76.43,2,0.29,0
%HESITATION,76.43,76.57,2,0.14,0
my,76.57,76.84,2,0.27,0
condition,76.84,77.57,2,0.73,0
yes,77.57,77.94,2,0.37,0
you're,77.94,78.1,2,0.16,0
right,78.1,78.6,2,0.5,0
yeah,78.8,79.1,0,0.3,0
%HESITATION,79.1,79.43,0,0.33,0
and,79.46,79.84,0,0.38,0
%HESITATION,79.84,80.11,0,0.27,0
this,80.11,80.35,0,0.24,0
time,80.35,80.7,0,0.35,0
you,80.7,80.89,0,0.19,0
were,80.89,81.07,0,0.18,0
in,81.07,81.25,0,0.18,0
with,81.25,81.43,0,0.18,0
another,81.43,81.81,0,0.38,0
chest,81.81,82.21,0,0.4,0
infection,82.21,83,0,0.79,0
right,83.17,83.65,0,0.48,0
yes,84.46,84.84,2,0.38,0
it,84.84,85.04,2,0.2,0
%HESITATION,85.04,85.31,2,0.27,0
chest,85.31,85.72,2,0.41,0
infection,85.72,86.33,2,0.61,0
that,86.33,86.54,2,0.21,0
strikes,86.54,87.27,2,0.73,0
yeah,87.43,88.02,0,0.59,0
hi,88.46,88.65,0,0.19,0
how,88.76,89.01,0,0.25,0
are,89.01,89.1,0,0.09,0
you,89.1,89.28,0,0.18,0
feeling,89.28,89.78,0,0.5,0
now,89.78,90.36,0,0.58,0
%HESITATION,91.32,92.07,2,0.75,0
I'm,92.1,92.26,2,0.16,0
pleased,92.26,92.72,2,0.46,0
to,92.72,92.82,2,0.1,0
be,92.82,92.96,2,0.14,0
high,92.96,93.32,2,0.36,0
%HESITATION,93.32,93.53,2,0.21,0
I,93.53,93.62,2,0.09,0
really,93.62,93.94,2,0.32,0
don't,93.94,94.2,2,0.26,0
mind,94.2,94.45,2,0.25,0
being,94.45,94.7,2,0.25,0
in,94.7,94.81,2,0.11,0
the,94.81,94.91,2,0.1,0
house,94.91,95.16,2,0.25,0
to,95.16,95.29,2,0.13,0
to,95.29,95.84,2,0.55,0
%HESITATION,95.88,96.45,2,0.57,0
I'm,96.45,96.69,2,0.24,0
a,96.69,96.77,2,0.08,0
bit,96.77,97.04,2,0.27,0
what,97.04,97.24,2,0.2,0
do,97.24,97.3,2,0.06,0
you,97.3,97.53,2,0.23,0
see,97.53,97.75,2,0.22,0
you,97.75,98.05,2,0.3,0
still,98.05,98.64,2,0.59,0
in,98.64,98.74,2,0.1,0
my,98.74,98.87,2,0.13,0
chest,98.87,99.32,2,0.45,0
gets,99.32,99.55,2,0.23,0
a,99.55,99.62,2,0.07,0
bit,99.62,99.87,2,0.25,0
tight,99.87,100.42,2,0.55,0
when,101.36,101.49,2,0.13,0
I,101.49,101.58,2,0.09,0
can,101.58,101.78,2,0.2,0
you,101.78,101.94,2,0.16,0
know,101.94,102.07,2,0.13,0
if,102.07,102.19,2,0.12,0
%HESITATION,102.19,102.31,2,0.12,0
if,102.31,102.5,2,0.19,0
I,102.5,102.58,2,0.08,0
get,102.58,102.84,2,0.26,0
off,102.84,103.07,2,0.23,0
the,103.07,103.15,2,0.08,0
phone,103.15,103.32,2,0.17,0
to,103.32,103.51,2,0.19,0
see,103.51,103.8,2,0.29,0
much,103.8,104.28,2,0.48,0
I'm,104.28,104.42,2,0.14,0
a,104.42,104.49,2,0.07,0
bit,104.49,104.74,2,0.25,0
breathless,104.74,105.5,2,0.76,0
and,105.5,105.63,2,0.13,0
I,105.63,105.7,2,0.07,0
get,105.7,105.95,2,0.25,0
very,105.95,106.23,2,0.28,0
tall,106.23,106.62,2,0.39,0
and,106.62,106.96,2,0.34,0
so,106.96,107.3,2,0.34,0
so,107.33,107.45,2,0.12,0
very,107.45,107.72,2,0.27,0
time,107.72,108.11,2,0.39,0
very,108.24,108.5,2,0.26,0
quickly,108.5,109.3,2,0.8,0
well,109.69,109.91,0,0.22,0
I,109.91,110.13,0,0.22,0
I,110.23,110.36,0,0.13,0
see,110.36,111.03,0,0.67,0
and,111.07,111.43,0,0.36,0
%HESITATION,111.83,112.65,0,0.82,0
do,113.02,113.14,0,0.12,0
you,113.14,113.5,0,0.36,0
%HESITATION,113.5,114.28,0,0.78,0
do,114.6,114.85,0,0.25,0
you,114.85,114.97,0,0.12,0
what,114.97,115.29,0,0.32,0
what,115.29,115.55,0,0.26,0
sort,115.55,115.73,0,0.18,0
of,115.73,115.82,0,0.09,0
things,115.82,116.2,0,0.38,0
if,116.2,116.32,0,0.12,0
you,116.32,116.53,0,0.21,0
go,116.56,116.72,0,0.16,0
out,116.72,117,0,0.28,0
at,117.19,117.4,0,0.21,0
home,117.4,117.76,0,0.36,0
to,117.76,117.9,0,0.14,0
help,117.9,118.27,0,0.37,0
with,118.27,118.39,0,0.12,0
your,118.39,118.54,0,0.15,0
breathing,118.54,119.34,0,0.8,0
do,119.86,119.96,0,0.1,0
you,119.96,120.05,0,0.09,0
have,120.05,120.23,0,0.18,0
to,120.23,120.32,0,0.09,0
meet,120.32,120.54,0,0.22,0
she,120.54,121.13,0,0.59,0
I,121.62,121.78,2,0.16,0
do,121.78,122.18,2,0.4,0
have,122.18,122.4,2,0.22,0
a,122.4,122.47,2,0.07,0
machine,122.47,123.1,2,0.63,0
and,123.1,123.45,2,0.35,0
I'm,123.45,123.59,2,0.14,0
not,123.59,123.87,2,0.28,0
gonna,123.87,124.1,2,0.23,0
help,124.18,124.71,2,0.53,0
the,124.71,124.88,2,0.17,0
continent,124.88,125.47,2,0.59,0
belongs,125.47,125.95,2,0.48,0
to,125.95,126.04,2,0.09,0
the,126.04,126.22,2,0.18,0
I've,126.22,126.46,2,0.24,0
been,126.46,126.66,2,0.2,0
you,126.66,127.02,2,0.36,0
saying,127.02,127.35,2,0.33,0
but,127.35,127.63,2,0.28,0
but,127.63,127.84,2,0.21,0
sometimes,127.84,128.6,2,0.76,0
even,128.98,129.36,2,0.38,0
with,129.36,129.7,2,0.34,0
with,129.86,130.2,2,0.34,0
%HESITATION,130.2,130.37,2,0.17,0
the,130.37,130.59,2,0.22,0
doctor,130.67,131.11,2,0.44,0
I,131.11,131.17,2,0.06,0
still,131.17,131.59,2,0.42,0
find,131.59,131.98,2,0.39,0
it,131.98,132.1,2,0.12,0
hard,132.1,132.38,2,0.28,0
to,132.38,132.53,2,0.15,0
catch,132.53,132.9,2,0.37,0
my,132.9,133.08,2,0.18,0
breath,133.08,133.44,2,0.36,0
which,133.63,133.85,2,0.22,0
can,134.54,134.77,2,0.23,0
be,135.13,135.28,2,0.15,0
a,135.28,135.36,2,0.08,0
bit,135.36,135.6,2,0.24,0
scary,135.6,136.6,2,1,0
yes,137.02,137.42,0,0.4,0
yeah,137.89,138.26,0,0.37,0
yeah,139.07,139.25,0,0.18,0
I'm,139.25,139.46,0,0.21,0
just,139.46,139.7,0,0.24,0
wondering,139.7,140.21,0,0.51,0
if,140.21,140.43,0,0.22,0
it,140.43,140.55,0,0.12,0
would,140.55,140.75,0,0.2,0
be,140.75,141.27,0,0.52,0
%HESITATION,141.3,141.94,0,0.64,0
good,142.24,142.64,0,0.4,0
if,142.64,142.94,0,0.3,0
we,142.94,143.44,0,0.5,0
arrange,143.47,143.91,0,0.44,0
to,143.91,144.04,0,0.13,0
do,144.04,144.2,0,0.16,0
home,144.2,144.45,0,0.25,0
visits,144.45,145.23,0,0.78,0
%HESITATION,145.31,145.65,0,0.34,0
in,145.65,145.81,0,0.16,0
the,145.81,145.89,0,0.08,0
next,145.89,146.21,0,0.32,0
couple,146.21,146.51,0,0.3,0
of,146.51,146.63,0,0.12,0
weeks,146.63,147.21,0,0.58,0
%HESITATION,147.38,147.91,0,0.53,0
to,148.35,148.8,0,0.45,0
examine,148.83,149.29,0,0.46,0
you,149.29,149.44,0,0.15,0
checked,149.44,149.86,0,0.42,0
and,149.86,150,0,0.14,0
see,150,150.22,0,0.22,0
if,150.22,150.32,0,0.1,0
there's,150.32,150.48,0,0.16,0
anything,150.48,150.82,0,0.34,0
else,150.82,151.14,0,0.32,0
that,151.14,151.26,0,0.12,0
we,151.26,151.43,0,0.17,0
can,151.43,151.65,0,0.22,0
do,151.65,151.87,0,0.22,0
to,151.87,152.04,0,0.17,0
help,152.04,152.39,0,0.35,0
with,152.39,152.5,0,0.11,0
that,152.5,152.82,0,0.32,0
what,152.85,153.03,0,0.18,0
would,153.03,153.15,0,0.12,0
you,153.15,153.24,0,0.09,0
think,153.24,153.53,0,0.29,0
about,153.53,153.85,0,0.32,0
that,153.85,154.1,0,0.25,0
online,155.18,155.64,2,0.46,0
yes,156.74,157.06,2,0.32,0
please,157.06,157.52,2,0.46,0
thank,157.52,157.86,2,0.34,0
you,157.86,158.1,2,0.24,0
be,158.13,158.23,2,0.1,0
nice,158.23,158.54,2,0.31,0
to,158.54,158.79,2,0.25,0
to,158.85,159.04,2,0.19,0
see,159.04,159.29,2,0.25,0
you,159.29,159.42,2,0.13,0
in,159.42,159.55,2,0.13,0
person,159.55,160.32,2,0.77,0
right,160.83,161.24,0,0.41,0
yeah,161.37,161.59,0,0.22,0
well,161.59,161.84,0,0.25,0
we,161.84,161.98,0,0.14,0
can,161.98,162.16,0,0.18,0
arrange,162.16,162.74,0,0.58,0
that,162.74,163.2,0,0.46,0
%HESITATION,163.31,163.91,0,0.6,0
%HESITATION,164.32,164.56,0,0.24,0
but,164.56,164.75,0,0.19,0
this,164.75,164.96,0,0.21,0
often,164.96,165.4,0,0.44,0
noon,165.4,166.06,0,0.66,0
%HESITATION,166.09,166.54,0,0.45,0
I,166.54,166.81,0,0.27,0
want,166.81,167.12,0,0.31,0
to,167.12,167.29,0,0.17,0
to,167.29,167.97,0,0.68,0
maybe,168.5,168.8,0,0.3,0
just,168.8,169.09,0,0.29,0
talk,169.09,169.35,0,0.26,0
to,169.35,169.57,0,0.22,0
the,169.57,169.74,0,0.17,0
debate,169.74,170.05,0,0.31,0
about,170.05,170.54,0,0.49,0
how,170.57,171.1,0,0.53,0
you,171.28,171.49,0,0.21,0
want,171.49,171.82,0,0.33,0
things,171.82,172.3,0,0.48,0
to,172.3,172.44,0,0.14,0
be,172.44,172.57,0,0.13,0
managed,172.57,173.28,0,0.71,0
in,173.28,173.61,0,0.33,0
each,173.64,174.07,0,0.43,0
%HESITATION,174.07,174.38,0,0.31,0
%HESITATION,174.41,174.58,0,0.17,0
your,175.39,175.55,0,0.16,0
chess,175.55,175.92,0,0.37,0
gets,175.92,176.18,0,0.26,0
banned,176.18,176.55,0,0.37,0
again,176.55,177.1,0,0.55,0
okay,178.79,179.23,2,0.44,0
what,179.23,179.48,2,0.25,0
were,179.48,179.65,2,0.17,0
you,179.65,179.87,2,0.22,0
saying,179.87,180.16,2,0.29,0
managed,180.16,180.71,2,0.55,0
to,180.9,181.06,2,0.16,0
but,181.06,181.23,2,0.17,0
what,181.23,181.44,2,0.21,0
what's,181.44,181.74,2,0.3,0
your,181.74,181.88,2,0.14,0
name,181.88,182.47,2,0.59,0
well,182.99,183.73,0,0.74,0
%HESITATION,183.96,184.22,0,0.26,0
I,184.22,184.37,0,0.15,0
know,184.37,184.7,0,0.33,0
that,184.7,184.9,0,0.2,0
you,184.9,185.06,0,0.16,0
said,185.06,185.45,0,0.39,0
you,185.45,185.54,0,0.09,0
when,185.54,185.75,0,0.21,0
you,185.75,185.88,0,0.13,0
were,185.88,185.97,0,0.09,0
in,185.97,186.07,0,0.1,0
hospital,186.07,186.61,0,0.54,0
you,186.61,186.88,0,0.27,0
you,186.88,187.03,0,0.15,0
hated,187.03,187.52,0,0.49,0
being,187.52,187.91,0,0.39,0
in,187.91,188.09,0,0.18,0
that,188.09,188.27,0,0.18,0
and,188.27,188.42,0,0.15,0
it's,188.42,188.62,0,0.2,0
nice,188.62,188.97,0,0.35,0
to,188.97,189.09,0,0.12,0
be,189.09,189.21,0,0.12,0
high,189.21,189.64,0,0.43,0
and,189.94,190.32,0,0.38,0
%HESITATION,190.32,190.7,0,0.38,0
I,191.05,191.16,0,0.11,0
suppose,191.16,191.64,0,0.48,0
I'm,191.64,191.81,0,0.17,0
wondering,191.81,192.48,0,0.67,0
%HESITATION,192.56,193.11,0,0.55,0
it,193.92,194.26,0,0.34,0
will,194.26,194.4,0,0.14,0
only,194.4,194.68,0,0.28,0
what,194.68,194.88,0,0.2,0
in,194.91,195.04,0,0.13,0
which,195.04,195.23,0,0.19,0
circumstances,195.23,196.53,0,1.3,0
we,196.53,196.8,0,0.27,0
would,196.8,197.02,0,0.22,0
stop,197.02,197.63,0,0.61,0
thinking,198.09,198.48,0,0.39,0
about,198.48,199,0,0.52,0
taking,199.03,199.49,0,0.46,0
you,199.49,199.61,0,0.12,0
back,199.61,199.85,0,0.24,0
into,199.85,200.15,0,0.3,0
hospital,200.15,200.99,0,0.84,0
or,201.08,201.69,0,0.61,0
perhaps,202,202.55,0,0.55,0
maybe,202.77,203.25,0,0.48,0
maybe,203.32,203.66,0,0.34,0
we,203.66,203.81,0,0.15,0
want,203.81,204.06,0,0.25,0
to,204.06,204.19,0,0.13,0
think,204.19,204.46,0,0.27,0
about,204.46,204.93,0,0.47,0
what,204.93,205.31,0,0.38,0
sort,205.34,205.53,0,0.19,0
of,205.53,205.62,0,0.09,0
things,205.62,205.95,0,0.33,0
we,205.95,206.09,0,0.14,0
could,206.09,206.32,0,0.23,0
manage,206.32,206.99,0,0.67,0
kera,207.28,207.63,0,0.35,0
hi,207.63,207.86,0,0.23,0
I'm,207.86,208.01,0,0.15,0
with,208.01,208.22,0,0.21,0
you,208.22,208.61,0,0.39,0
yeah,210.03,210.27,2,0.24,0
%HESITATION,210.27,210.46,2,0.19,0
really,210.46,210.82,2,0.36,0
want,211.04,211.26,2,0.22,0
to,211.26,211.4,2,0.14,0
get,211.4,211.57,2,0.17,0
back,211.57,211.83,2,0.26,0
into,211.83,212.11,2,0.28,0
hospital,212.11,212.78,2,0.67,0
so,212.78,213.05,2,0.27,0
%HESITATION,213.13,213.38,2,0.25,0
I,213.38,213.48,2,0.1,0
really,213.48,213.92,2,0.44,0
was,213.92,214.12,2,0.2,0
want,214.12,214.35,2,0.23,0
to,214.35,214.51,2,0.16,0
avoid,214.51,214.98,2,0.47,0
that,214.98,215.2,2,0.22,0
you,215.54,215.66,2,0.12,0
know,215.66,215.9,2,0.24,0
I,215.9,215.97,2,0.07,0
hate,215.97,216.32,2,0.35,0
to,216.32,216.46,2,0.14,0
sit,216.46,216.65,2,0.19,0
in,216.65,216.81,2,0.16,0
there,216.81,217.07,2,0.26,0
and,217.07,217.17,2,0.1,0
it's,217.17,217.34,2,0.17,0
so,217.34,217.56,2,0.22,0
nice,217.56,217.94,2,0.38,0
to,217.94,218.1,2,0.16,0
be,218.1,218.18,2,0.08,0
hi,218.18,218.34,2,0.16,0
my,218.34,218.48,2,0.14,0
name,218.48,218.7,2,0.22,0
my,219.01,219.18,2,0.17,0
tool,219.18,219.51,2,0.33,0
to,219.51,219.67,2,0.16,0
pop,219.67,219.98,2,0.31,0
saying,219.98,220.26,2,0.28,0
she's,220.26,220.52,2,0.26,0
around,220.52,220.94,2,0.42,0
somewhere,220.94,221.69,2,0.75,0
%HESITATION,222.18,222.77,2,0.59,0
I,223.02,223.07,2,0.05,0
was,223.07,223.22,2,0.15,0
hoping,223.22,223.55,2,0.33,0
she'd,223.55,223.83,2,0.28,0
be,223.83,223.94,2,0.11,0
around,223.94,224.31,2,0.37,0
to,224.31,224.56,2,0.25,0
you,224.59,224.7,2,0.11,0
know,224.7,224.9,2,0.2,0
to,225.06,225.33,2,0.27,0
listen,225.6,225.95,2,0.35,0
to,225.95,226.13,2,0.18,0
our,226.13,226.26,2,0.13,0
conversation,226.26,227.07,2,0.81,0
so,227.07,227.31,2,0.24,0
if,227.31,227.43,2,0.12,0
it,227.43,227.54,2,0.11,0
might,227.54,227.8,2,0.26,0
be,227.8,227.88,2,0.08,0
another,227.88,228.2,2,0.32,0
time,228.2,228.61,2,0.41,0
now,229.09,229.26,2,0.17,0
I,229.26,229.33,2,0.07,0
do,229.33,229.52,2,0.19,0
have,229.52,229.7,2,0.18,0
a,229.7,229.79,2,0.09,0
bit,229.79,230.04,2,0.25,0
help,230.04,230.35,2,0.31,0
home,230.47,230.83,2,0.36,0
so,230.83,231.07,2,0.24,0
I'd,231.69,231.89,2,0.2,0
really,231.89,232.21,2,0.32,0
like,232.21,232.45,2,0.24,0
to,232.45,232.59,2,0.14,0
start,232.59,233.04,2,0.45,0
having,233.04,233.32,2,0.28,0
talked,233.32,233.63,2,0.31,0
once,233.87,234.18,2,0.31,0
before,234.18,234.66,2,0.48,0
going,234.66,234.96,2,0.3,0
back,234.96,235.23,2,0.27,0
into,235.23,235.39,2,0.16,0
the,235.39,235.45,2,0.06,0
house,235.45,235.72,2,0.27,0
so,235.8,236.18,2,0.38,0
okay,236.87,237.26,0,0.39,0
that's,237.26,237.66,0,0.4,0
that's,237.76,238.18,0,0.42,0
good,238.18,238.66,0,0.48,0
%HESITATION,238.7,239.19,0,0.49,0
and,239.19,239.52,0,0.33,0
we,239.52,239.68,0,0.16,0
can,239.68,240.09,0,0.41,0
we,240.12,240.31,0,0.19,0
can,240.31,240.5,0,0.19,0
certainly,240.5,241.29,0,0.79,0
%HESITATION,241.37,241.54,0,0.17,0
put,241.54,241.79,0,0.25,0
some,241.79,241.92,0,0.13,0
things,241.92,242.3,0,0.38,0
in,242.3,242.43,0,0.13,0
place,242.43,242.97,0,0.54,0
about,242.97,243.36,0,0.39,0
what,243.36,243.58,0,0.22,0
your,243.58,243.79,0,0.21,0
preferences,243.79,244.66,0,0.87,0
would,244.66,244.89,0,0.23,0
be,244.89,245.41,0,0.52,0
%HESITATION,245.81,246.55,0,0.74,0
if,246.78,247.04,0,0.26,0
you,247.04,247.16,0,0.12,0
became,247.16,247.86,0,0.7,0
unwell,247.89,248.32,0,0.43,0
again,248.32,248.67,0,0.35,0
with,248.67,248.87,0,0.2,0
a,248.87,248.92,0,0.05,0
chest,248.92,249.32,0,0.4,0
infection,249.32,250.15,0,0.83,0
%HESITATION,250.6,251.16,0,0.56,0
have,251.71,252.04,0,0.33,0
you,252.04,252.7,0,0.66,0
%HESITATION,252.73,253.03,0,0.3,0
I,253.03,253.2,0,0.17,0
know,253.2,253.56,0,0.36,0
that,253.56,253.86,0,0.3,0
you,253.93,254.25,0,0.32,0
ways,254.28,254.99,0,0.71,0
%HESITATION,255.02,255.69,0,0.67,0
%HESITATION,256.09,256.41,0,0.32,0
have,256.41,256.78,0,0.37,0
rescue,257.05,257.6,0,0.55,0
medication,257.6,258.34,0,0.74,0
cemented,258.93,259.38,0,0.45,0
by,259.38,259.54,0,0.16,0
%HESITATION,259.54,259.66,0,0.12,0
six,259.66,260.11,0,0.45,0
zero,260.11,260.98,0,0.87,0
eight,260.98,261.26,0,0.28,0
%HESITATION,261.9,262.63,0,0.73,0
and,262.91,263.36,0,0.45,0
so,263.61,263.89,0,0.28,0
we,263.89,264.09,0,0.2,0
can,264.09,264.27,0,0.18,0
always,264.27,264.65,0,0.38,0
we,264.65,264.84,0,0.19,0
stop,264.84,265.28,0,0.44,0
those,265.28,265.7,0,0.42,0
before,265.7,266.13,0,0.43,0
we,266.13,266.27,0,0.14,0
think,266.27,266.53,0,0.26,0
about,266.53,266.83,0,0.3,0
anything,266.87,267.51,0,0.64,0
%HESITATION,267.96,268.23,0,0.27,0
anything,268.26,268.64,0,0.38,0
else,268.64,269.11,0,0.47,0
to,269.11,269.26,0,0.15,0
it,269.26,269.41,0,0.15,0
to,269.41,269.54,0,0.13,0
help,269.54,269.8,0,0.26,0
you,269.8,269.96,0,0.16,0
manage,269.96,270.31,0,0.35,0
it,270.31,270.67,0,0.36,0
%HESITATION,271.09,271.56,0,0.47,0
but,271.64,271.83,0,0.19,0
I,271.83,271.94,0,0.11,0
was,271.94,272.17,0,0.23,0
wondering,272.17,272.9,0,0.73,0
%HESITATION,272.93,273.48,0,0.55,0
intensive,273.95,275.11,0,1.16,0
%HESITATION,275.14,275.59,0,0.45,0
when,275.62,275.81,0,0.19,0
you,275.81,275.91,0,0.1,0
were,275.91,276.1,0,0.19,0
in,276.1,276.29,0,0.19,0
the,276.29,276.39,0,0.1,0
hospital,276.39,277.25,0,0.86,0
%HESITATION,277.56,278.07,0,0.51,0
it,278.56,278.77,0,0.21,0
says,278.77,279.06,0,0.29,0
in,279.06,279.19,0,0.13,0
your,279.19,279.42,0,0.23,0
%HESITATION,280.84,281.4,0,0.56,0
that,281.4,281.64,0,0.24,0
that,281.64,282,0,0.36,0
that,282.03,282.26,0,0.23,0
the,282.26,282.36,0,0.1,0
doctor,282.36,282.81,0,0.45,0
is,282.81,283.01,0,0.2,0
they,283.04,283.21,0,0.17,0
had,283.21,283.5,0,0.29,0
some,283.5,283.97,0,0.47,0
discussions,284.02,284.92,0,0.9,0
with,284.92,285.19,0,0.27,0
you,285.19,285.77,0,0.58,0
%HESITATION,286.18,286.8,0,0.62,0
about,286.84,287.54,0,0.7,0
%HESITATION,288.29,288.78,0,0.49,0
what,288.81,289.14,0,0.33,0
to,289.14,289.27,0,0.13,0
do,289.27,289.45,0,0.18,0
with,289.45,289.64,0,0.19,0
your,289.64,289.78,0,0.14,0
breathing,289.78,290.2,0,0.42,0
got,290.2,290.44,0,0.24,0
very,290.44,290.86,0,0.42,0
bad,290.86,291.37,0,0.51,0
and,291.57,291.94,0,0.37,0
in,291.99,292.25,0,0.26,0
fact,292.25,292.62,0,0.37,0
you,292.62,292.73,0,0.11,0
might,292.73,293.01,0,0.28,0
need,293.01,293.43,0,0.42,0
to,293.43,293.59,0,0.16,0
be,293.59,294.02,0,0.43,0
%HESITATION,294.48,295.05,0,0.57,0
fourteen,295.86,296.25,0,0.39,0
to,296.25,296.5,0,0.25,0
you,296.5,296.82,0,0.32,0
%HESITATION,296.85,297.41,0,0.56,0
%HESITATION,297.47,297.82,0,0.35,0
department,297.82,298.43,0,0.61,0
thinks,298.43,298.69,0,0.26,0
the,298.69,298.8,0,0.11,0
intent,298.8,299.17,0,0.37,0
to,299.17,299.29,0,0.12,0
catch,299.29,299.65,0,0.36,0
promised,299.65,300.07,0,0.42,0
to,300.07,300.17,0,0.1,0
help,300.17,300.5,0,0.33,0
with,300.5,300.62,0,0.12,0
your,300.62,300.78,0,0.16,0
breathing,300.78,301.36,0,0.58,0
and,301.36,301.57,0,0.21,0
and,301.6,301.87,0,0.27,0
and,301.98,302.37,0,0.39,0
things,302.37,302.83,0,0.46,0
did,303.69,303.89,0,0.2,0
they,303.89,304.03,0,0.14,0
have,304.03,304.21,0,0.18,0
a,304.21,304.28,0,0.07,0
conversation,304.28,305.06,0,0.78,0
with,305.06,305.23,0,0.17,0
you,305.23,305.36,0,0.13,0
about,305.36,305.66,0,0.3,0
they,306.78,307.12,2,0.34,0
they,307.69,307.83,2,0.14,0
mentioned,307.83,308.6,2,0.77,0
it,308.63,308.82,2,0.19,0
really,308.82,309.19,2,0.37,0
talks,309.19,309.51,2,0.32,0
about,309.51,309.76,2,0.25,0
I,309.76,309.79,2,0.03,0
was,309.79,309.97,2,0.18,0
so,309.97,310.18,2,0.21,0
desperate,310.18,310.75,2,0.57,0
to,310.75,310.88,2,0.13,0
get,310.88,311.1,2,0.22,0
high,311.1,311.36,2,0.26,0
might,311.36,311.63,2,0.27,0
just,311.63,311.83,2,0.2,0
kind,311.83,312.07,2,0.24,0
of,312.07,312.19,2,0.12,0
went,312.19,312.47,2,0.28,0
mmhm,312.47,312.72,2,0.25,0
yeah,312.72,313.21,2,0.49,0
yeah,313.27,313.73,2,0.46,0
and,313.76,314.11,2,0.35,0
%HESITATION,314.11,314.58,2,0.47,0
if,315.27,315.46,2,0.19,0
I'm,315.46,315.61,2,0.15,0
honest,315.61,316.02,2,0.41,0
I,316.02,316.05,2,0.03,0
was,316.05,316.25,2,0.2,0
just,316.25,316.52,2,0.27,0
wanting,316.52,316.76,2,0.24,0
to,316.89,317.06,2,0.17,0
rush,317.06,317.39,2,0.33,0
out,317.39,317.52,2,0.13,0
of,317.52,317.58,2,0.06,0
the,317.58,317.65,2,0.07,0
hospital,317.65,318.33,2,0.68,0
wasn't,318.33,318.68,2,0.35,0
really,319.08,319.43,2,0.35,0
asking,319.43,319.97,2,0.54,0
yeah,320.35,320.87,0,0.52,0
yeah,321.25,321.57,0,0.32,0
I'm,321.6,321.71,0,0.11,0
not,321.71,321.91,0,0.2,0
I'm,322.01,322.17,0,0.16,0
not,322.17,322.41,0,0.24,0
surprised,322.41,323.04,0,0.63,0
playing,323.37,323.69,0,0.32,0
you,323.69,323.92,0,0.23,0
and,324.43,324.65,0,0.22,0
host,324.65,324.9,0,0.25,0
because,324.9,325.23,0,0.33,0
can,325.23,325.47,0,0.24,0
be,325.47,325.78,0,0.31,0
%HESITATION,325.78,326.19,0,0.41,0
pretty,326.22,326.48,0,0.26,0
scary,326.48,326.96,0,0.48,0
pacing,326.96,327.73,0,0.77,0
I'm,328.54,328.84,0,0.3,0
sorry,328.84,329.07,0,0.23,0
tell,329.07,329.35,0,0.28,0
me,329.35,329.52,0,0.17,0
what,329.52,329.78,0,0.26,0
your,329.78,330,0,0.22,0
what,330,330.22,0,0.22,0
your,330.22,330.37,0,0.15,0
understanding,330.37,331.24,0,0.87,0
of,331.24,331.43,0,0.19,0
when,331.43,331.61,0,0.18,0
you,331.61,331.72,0,0.11,0
were,331.72,331.83,0,0.11,0
in,331.83,331.96,0,0.13,0
the,331.96,332.05,0,0.09,0
hospital,332.05,332.95,0,0.9,0
are,333.4,333.5,0,0.1,0
you,333.5,333.62,0,0.12,0
do,333.62,333.78,0,0.16,0
you,333.78,333.85,0,0.07,0
have,333.85,334,0,0.15,0
any,334,334.27,0,0.27,0
understanding,334.27,334.97,0,0.7,0
and,334.97,335.08,0,0.11,0
told,335.08,335.44,0,0.36,0
about,335.44,335.84,0,0.4,0
what,335.84,336.11,0,0.27,0
was,336.11,336.44,0,0.33,0
%HESITATION,337.01,337.51,0,0.5,0
agreed,337.54,338.13,0,0.59,0
about,338.13,338.47,0,0.34,0
if,338.5,338.7,0,0.2,0
you're,338.7,338.83,0,0.13,0
breeding,338.83,339.24,0,0.41,0
go,339.24,339.42,0,0.18,0
west,339.45,340.03,0,0.58,0
well,341.54,341.71,2,0.17,0
they,341.71,341.86,2,0.15,0
said,341.86,342.17,2,0.31,0
to,342.17,342.34,2,0.17,0
me,342.34,342.51,2,0.17,0
talk,342.51,342.79,2,0.28,0
to,342.79,342.95,2,0.16,0
%HESITATION,343.44,344.08,2,0.64,0
that,344.11,344.28,2,0.17,0
%HESITATION,344.28,344.36,2,0.08,0
please,344.36,344.57,2,0.21,0
see,344.57,344.74,2,0.17,0
my,344.74,344.94,2,0.2,0
condition,344.94,345.58,2,0.64,0
is,345.58,345.78,2,0.2,0
getting,345.78,346.13,2,0.35,0
worse,346.13,346.49,2,0.36,0
site,346.49,346.75,2,0.26,0
you,346.75,346.9,2,0.15,0
want,346.9,347.1,2,0.2,0
just,347.1,347.37,2,0.27,0
%HESITATION,347.37,347.63,2,0.26,0
not,347.63,348.01,2,0.38,0
because,348.01,348.33,2,0.32,0
I,348.33,348.41,2,0.08,0
have,348.41,348.65,2,0.24,0
to,348.65,348.79,2,0.14,0
go,348.79,348.96,2,0.17,0
into,348.96,349.22,2,0.26,0
hospital,349.22,349.8,2,0.58,0
now,349.8,350.03,2,0.23,0
three,350.03,350.43,2,0.4,0
times,350.43,351.32,2,0.89,0
and,351.96,352.16,2,0.2,0
they,352.16,352.34,2,0.18,0
told,352.57,352.97,2,0.4,0
me,353.12,353.35,2,0.23,0
that,353.35,353.68,2,0.33,0
%HESITATION,353.79,354.25,2,0.46,0
if,354.28,354.5,2,0.22,0
it,354.5,354.66,2,0.16,0
does,354.66,354.93,2,0.27,0
start,354.93,355.31,2,0.38,0
to,355.31,355.45,2,0.14,0
get,355.45,355.68,2,0.23,0
well,355.68,355.83,2,0.15,0
%HESITATION,355.83,356.02,2,0.19,0
set,356.02,356.54,2,0.52,0
to,356.68,356.81,2,0.13,0
%HESITATION,356.81,357.01,2,0.2,0
I,357.01,357.08,2,0.07,0
may,357.08,357.36,2,0.28,0
need,357.36,357.71,2,0.35,0
to,357.71,357.85,2,0.14,0
come,357.85,358.11,2,0.26,0
back,358.11,358.7,2,0.59,0
that,359.06,359.21,2,0.15,0
if,359.21,359.41,2,0.2,0
my,359.41,359.98,2,0.57,0
medication,360.32,361.15,2,0.83,0
at,361.15,361.27,2,0.12,0
home,361.27,361.66,2,0.39,0
in,361.66,361.74,2,0.08,0
the,361.74,361.86,2,0.12,0
equipment,361.86,362.41,2,0.55,0
doesn't,362.41,362.74,2,0.33,0
work,362.74,363.07,2,0.33,0
I,363.07,363.22,2,0.15,0
need,363.22,363.48,2,0.26,0
to,363.48,363.62,2,0.14,0
find,363.62,363.93,2,0.31,0
the,363.93,364.02,2,0.09,0
ambulance,364.02,364.74,2,0.72,0
if,364.74,364.9,2,0.16,0
I'm,364.9,365.04,2,0.14,0
struggling,365.04,365.62,2,0.58,0
to,365.62,365.83,2,0.21,0
breathe,366.25,366.76,2,0.51,0
the,366.76,366.85,2,0.09,0
neighbors,366.85,367.57,2,0.72,0
bring,368.22,368.45,2,0.23,0
me,368.45,368.59,2,0.14,0
back,368.59,368.89,2,0.3,0
to,368.89,369.31,2,0.42,0
the,369.66,369.73,2,0.07,0
hospital,369.73,370.25,2,0.52,0
so,370.25,370.67,2,0.42,0
although,370.72,371.38,2,0.66,0
I've,371.41,371.61,2,0.2,0
I've,371.61,371.93,2,0.32,0
got,372.56,372.79,2,0.23,0
something,372.79,373.19,2,0.4,0
I,373.19,373.29,2,0.1,0
really,373.29,373.88,2,0.59,0
time,374.31,374.59,2,0.28,0
necessarily,374.59,375.37,2,0.78,0
want,375.37,375.66,2,0.29,0
to,375.66,375.8,2,0.14,0
J.,375.8,376.03,2,0.23,0
dot,376.03,376.41,2,0.38,0
%HESITATION,376.41,376.66,2,0.25,0
no,377.73,378.01,0,0.28,0
no,378.82,379.16,0,0.34,0
I,379.16,379.27,0,0.11,0
can,379.27,379.53,0,0.26,0
see,379.53,379.82,0,0.29,0
I,379.82,379.9,0,0.08,0
can,379.9,380.09,0,0.19,0
hear,380.09,380.32,0,0.23,0
that,380.32,380.51,0,0.19,0
in,380.51,380.59,0,0.08,0
your,380.59,380.74,0,0.15,0
voice,380.74,381.47,0,0.73,0
%HESITATION,382.53,383.11,0,0.58,0
hearing,384.67,385.1,0,0.43,0
this,385.1,385.34,0,0.24,0
lasted,385.34,385.85,0,0.51,0
missions,385.85,386.53,0,0.68,0
that,386.53,386.72,0,0.19,0
they,386.72,387.24,0,0.52,0
%HESITATION,387.27,387.94,0,0.67,0
tool,389.06,389.28,0,0.22,0
%HESITATION,389.28,389.48,0,0.2,0
tool,389.48,389.89,0,0.41,0
about,389.89,390.5,0,0.61,0
%HESITATION,390.92,391.49,0,0.57,0
how,392.75,393.32,0,0.57,0
they,393.37,393.55,0,0.18,0
would,393.55,393.77,0,0.22,0
share,393.77,394.2,0,0.43,0
information,394.2,395.17,0,0.97,0
about,395.17,395.47,0,0.3,0
what,395.47,395.67,0,0.2,0
your,395.67,395.8,0,0.13,0
wishes,395.8,396.24,0,0.44,0
would,396.24,396.45,0,0.21,0
be,396.45,396.81,0,0.36,0
should,396.84,397.13,0,0.29,0
you,397.13,397.24,0,0.11,0
got,397.24,397.49,0,0.25,0
sick,397.49,397.72,0,0.23,0
again,397.72,398.22,0,0.5,0
I,399.42,399.52,2,0.1,0
was,399.52,399.63,2,0.11,0
not,399.63,399.93,2,0.3,0
mine,399.93,400.22,2,0.29,0
don't,400.22,400.64,2,0.42,0
really,401.05,401.47,2,0.42,0
to,401.5,401.8,2,0.3,0
to,401.83,402.18,2,0.35,0
to,402.25,402.5,2,0.25,0
help,402.5,403.03,2,0.53,0
and,403.03,403.28,2,0.25,0
and,403.28,403.6,2,0.32,0
I,403.64,403.82,2,0.18,0
always,403.82,404.18,2,0.36,0
rely,404.18,404.55,2,0.37,0
on,404.55,404.68,2,0.13,0
my,404.68,404.88,2,0.2,0
tool,404.88,405.2,2,0.32,0
to,405.2,405.41,2,0.21,0
she's,405.41,405.74,2,0.33,0
got,405.74,405.89,2,0.15,0
a,405.89,405.94,2,0.05,0
good,405.94,406.19,2,0.25,0
head,406.19,406.49,2,0.3,0
on,406.49,406.65,2,0.16,0
her,406.65,406.79,2,0.14,0
shoulders,406.79,407.44,2,0.65,0
and,407.44,407.68,2,0.24,0
you,408.17,408.27,2,0.1,0
know,408.27,408.44,2,0.17,0
I,408.44,408.57,2,0.13,0
%HESITATION,408.57,408.86,2,0.29,0
I,408.86,408.98,2,0.12,0
trust,408.98,409.51,2,0.53,0
her,409.51,409.68,2,0.17,0
judgment,409.68,410.46,2,0.78,0
so,410.46,410.75,2,0.29,0
%HESITATION,410.75,411.22,2,0.47,0
I'd,412.03,412.3,2,0.27,0
like,412.3,412.63,2,0.33,0
her,412.63,412.86,2,0.23,0
to,412.86,413.05,2,0.19,0
be,413.05,413.2,2,0.15,0
involved,413.2,413.98,2,0.78,0
in,414.3,414.52,2,0.22,0
any,414.52,414.72,2,0.2,0
decisions,414.72,415.36,2,0.64,0
that,415.36,415.51,2,0.15,0
were,415.51,415.62,2,0.11,0
made,415.62,416.05,2,0.43,0
%HESITATION,416.33,416.74,2,0.41,0
is,416.77,416.93,2,0.16,0
that,416.93,417.12,2,0.19,0
what,417.12,417.27,2,0.15,0
you,417.27,417.38,2,0.11,0
mean,417.38,417.79,2,0.41,0
delta,417.82,418.48,2,0.66,0
yes,419.05,419.69,0,0.64,0
it,419.69,419.9,0,0.21,0
is,419.9,420.17,0,0.27,0
it's,420.17,420.36,0,0.19,0
more,420.36,420.62,0,0.26,0
about,420.62,421.21,0,0.59,0
%HESITATION,421.27,421.95,0,0.68,0
if,422.1,422.39,0,0.29,0
we,422.39,422.58,0,0.19,0
have,422.58,422.81,0,0.23,0
to,422.81,422.96,0,0.15,0
think,422.96,423.23,0,0.27,0
about,423.23,423.68,0,0.45,0
%HESITATION,424.68,425.45,0,0.77,0
if,425.61,425.8,0,0.19,0
it,425.8,426.1,0,0.3,0
if,426.13,426.36,0,0.23,0
they,426.36,426.51,0,0.15,0
would,426.51,426.74,0,0.23,0
thank,427.01,427.25,0,0.24,0
you,427.25,427.4,0,0.15,0
about,427.4,427.78,0,0.38,0
even,429,429.87,0,0.87,0
giving,429.9,430.24,0,0.34,0
you,430.24,430.51,0,0.27,0
%HESITATION,430.51,430.86,0,0.35,0
%HESITATION,430.89,431.52,0,0.63,0
something,431.9,432.3,0,0.4,0
to,432.3,432.43,0,0.13,0
help,432.43,432.68,0,0.25,0
you,432.68,432.84,0,0.16,0
breeze,432.84,433.34,0,0.5,0
that,433.34,433.53,0,0.19,0
was,433.53,433.86,0,0.33,0
thank,434.11,434.37,0,0.26,0
you,434.37,434.45,0,0.08,0
ventilate,434.45,435.13,0,0.68,0
through,435.13,435.28,0,0.15,0
or,435.28,435.4,0,0.12,0
something,435.4,435.81,0,0.41,0
not,435.81,436.03,0,0.22,0
that,436.03,436.54,0,0.51,0
I,437.07,437.18,0,0.11,0
suppose,437.18,437.86,0,0.68,0
I'm,437.89,438,0,0.11,0
just,438,438.27,0,0.27,0
wondering,438.27,438.72,0,0.45,0
what,438.72,439.07,0,0.35,0
what,439.34,439.76,0,0.42,0
your,439.76,440.07,0,0.31,0
understanding,440.07,441.33,0,1.26,0
%HESITATION,441.74,442.33,0,0.59,0
of,442.36,442.57,0,0.21,0
that,442.57,442.84,0,0.27,0
would,442.84,443.09,0,0.25,0
be,443.12,443.52,0,0.4,0
%HESITATION,443.52,443.63,0,0.11,0
if,443.63,443.79,0,0.16,0
anyone,443.79,444.17,0,0.38,0
talk,444.17,444.51,0,0.34,0
to,444.51,444.67,0,0.16,0
you,444.67,444.73,0,0.06,0
about,444.73,445.07,0,0.34,0
that,445.07,445.4,0,0.33,0
no,446.99,447.28,2,0.29,0
not,447.28,447.51,2,0.23,0
really,447.51,448.05,2,0.54,0
used,448.05,448.49,2,0.44,0
to,448.52,448.7,2,0.18,0
be,448.7,448.87,2,0.17,0
on,448.87,449.05,2,0.18,0
the,449.05,449.17,2,0.12,0
server,449.17,449.42,2,0.25,0
so,449.42,449.58,2,0.16,0
when,449.58,449.71,2,0.13,0
they,450.02,450.17,2,0.15,0
see,450.17,450.37,2,0.2,0
in,450.37,450.49,2,0.12,0
the,450.49,450.58,2,0.09,0
hospital,450.58,451.2,2,0.62,0
when,451.2,451.37,2,0.17,0
I,451.37,451.41,2,0.04,0
was,451.41,451.6,2,0.19,0
being,451.6,451.91,2,0.31,0
too,451.91,452.07,2,0.16,0
strong,452.07,452.73,2,0.66,0
which,453.78,453.97,2,0.19,0
we,453.97,454.08,2,0.11,0
explained,454.08,454.69,2,0.61,0
to,454.79,454.95,2,0.16,0
me,454.95,455.3,2,0.35,0
yes,456.47,457.02,0,0.55,0
I'm,457.02,457.18,0,0.16,0
in,457.18,457.31,0,0.13,0
the,457.31,457.41,0,0.1,0
E.,457.41,457.61,0,0.2,0
D.,457.65,458.06,0,0.41,0
I,458.62,458.76,0,0.14,0
thank,458.76,459.06,0,0.3,0
you,459.06,459.13,0,0.07,0
the,459.13,459.59,0,0.46,0
%HESITATION,459.75,460.41,0,0.66,0
one,462.24,462.61,0,0.37,0
of,462.61,462.73,0,0.12,0
the,462.73,462.83,0,0.1,0
challenges,462.83,463.98,0,1.15,0
%HESITATION,464.06,464.48,0,0.42,0
when,464.48,465.12,0,0.64,0
somebody,465.19,466.1,0,0.91,0
to,466.13,466.73,0,0.6,0
have,467.23,467.84,0,0.61,0
on,468.73,468.86,0,0.13,0
a,468.86,468.94,0,0.08,0
constructive,468.94,469.67,0,0.73,0
column,469.67,469.95,0,0.28,0
the,469.95,470.08,0,0.13,0
disease,470.08,470.56,0,0.48,0
which,470.56,470.82,0,0.26,0
is,470.82,470.99,0,0.17,0
what,470.99,471.22,0,0.23,0
you,471.22,471.38,0,0.16,0
have,471.38,472.25,0,0.87,0
if,473.36,473.64,0,0.28,0
we,473.64,474.28,0,0.64,0
%HESITATION,474.32,474.98,0,0.66,0
talking,475.04,475.55,0,0.51,0
about,475.55,476.16,0,0.61,0
helping,476.31,476.86,0,0.55,0
people,476.86,477.39,0,0.53,0
to,477.39,478.09,0,0.7,0
%HESITATION,478.62,478.85,0,0.23,0
brief,478.85,479.27,0,0.42,0
using,479.27,479.67,0,0.4,0
a,479.67,479.74,0,0.07,0
machine,479.74,480.68,0,0.94,0
there,482.33,482.7,0,0.37,0
is,482.7,483.19,0,0.49,0
it's,483.43,483.69,0,0.26,0
often,483.69,484.17,0,0.48,0
a,484.17,484.42,0,0.25,0
a,484.45,484.56,0,0.11,0
very,484.56,485.3,0,0.74,0
%HESITATION,485.58,486.06,0,0.48,0
difficult,486.1,486.82,0,0.72,0
job,486.82,487.5,0,0.68,0
to,488.61,488.77,0,0.16,0
get,488.77,489.07,0,0.3,0
that,489.07,489.25,0,0.18,0
machine,490.22,490.66,0,0.44,0
again,490.66,491.3,0,0.64,0
%HESITATION,495.16,495.66,2,0.5,0
so,496.88,497.41,2,0.53,0
what,497.62,498.05,2,0.43,0
you,498.05,498.19,2,0.14,0
think,498.19,498.51,2,0.32,0
might,498.51,498.76,2,0.25,0
happen,498.76,499.23,2,0.47,0
then,499.23,499.61,2,0.38,0
in,499.7,499.87,2,0.17,0
my,499.87,500.05,2,0.18,0
circumstance,500.27,501.41,2,1.14,0
Dr,501.41,501.96,2,0.55,0
well,502.77,503.57,0,0.8,0
%HESITATION,505.12,505.78,0,0.66,0
none,505.82,506.02,0,0.2,0
of,506.02,506.1,0,0.08,0
these,506.1,506.37,0,0.27,0
things,506.37,506.67,0,0.3,0
in,506.67,506.77,0,0.1,0
E.,506.77,507.02,0,0.25,0
C.,507.02,507.45,0,0.43,0
%HESITATION,508.19,508.73,0,0.54,0
and,508.76,508.92,0,0.16,0
this,508.92,509.08,0,0.16,0
is,509.08,509.23,0,0.15,0
not,509.23,509.55,0,0.32,0
you,509.58,509.72,0,0.14,0
know,509.72,509.87,0,0.15,0
an,509.87,510.03,0,0.16,0
easy,510.03,510.37,0,0.34,0
thing,510.37,510.64,0,0.27,0
to,510.64,511.05,0,0.41,0
to,511.08,511.35,0,0.27,0
take,511.58,511.9,0,0.32,0
to,512.01,512.16,0,0.15,0
have,512.16,512.37,0,0.21,0
to,512.37,512.55,0,0.18,0
talk,512.55,512.9,0,0.35,0
about,512.9,513.3,0,0.4,0
and,513.33,513.49,0,0.16,0
to,513.49,513.61,0,0.12,0
think,513.61,513.94,0,0.33,0
about,513.94,514.51,0,0.57,0
%HESITATION,515.32,515.91,0,0.59,0
but,516.29,516.46,0,0.17,0
it's,516.46,516.67,0,0.21,0
often,516.67,517.34,0,0.67,0
good,517.89,518.24,0,0.35,0
to,518.24,518.37,0,0.13,0
have,518.37,518.58,0,0.21,0
a,518.58,518.65,0,0.07,0
conversation,518.65,519.67,0,1.02,0
before,519.92,520.35,0,0.43,0
it,520.35,520.45,0,0.1,0
happens,520.45,521.48,0,1.03,0
%HESITATION,522.15,522.8,0,0.65,0
in,523.52,523.72,0,0.2,0
the,523.72,523.83,0,0.11,0
if,523.83,524.24,0,0.41,0
we,524.24,524.46,0,0.22,0
weren't,524.46,525.09,0,0.63,0
if,525.12,525.31,0,0.19,0
they,525.31,525.43,0,0.12,0
weren't,525.43,525.77,0,0.34,0
able,525.77,526.26,0,0.49,0
to,526.26,526.57,0,0.31,0
use,526.57,526.93,0,0.36,0
we,527.8,528.24,0,0.44,0
they,528.59,528.71,0,0.12,0
call,528.71,528.95,0,0.24,0
it,528.95,529.08,0,0.13,0
we,529.08,529.36,0,0.28,0
name,529.36,529.9,0,0.54,0
winning,529.93,530.33,0,0.4,0
so,530.33,530.52,0,0.19,0
we,530.52,530.8,0,0.28,0
knew,530.8,531.12,0,0.32,0
all,531.12,531.47,0,0.35,0
the,532.28,532.72,0,0.44,0
machine,532.87,533.73,0,0.86,0
%HESITATION,534.32,535.06,0,0.74,0
and,535.81,536.24,0,0.43,0
it,536.54,536.8,0,0.26,0
you,537.75,538.05,0,0.3,0
might,538.05,538.68,0,0.63,0
get,539.15,539.38,0,0.23,0
people,539.38,539.67,0,0.29,0
in,539.67,539.77,0,0.1,0
your,539.77,539.92,0,0.15,0
position,539.92,540.74,0,0.82,0
maybe,541.02,541.33,0,0.31,0
dependence,541.33,542.06,0,0.73,0
on,542.06,542.25,0,0.19,0
that,542.25,542.61,0,0.36,0
%HESITATION,542.88,543.12,0,0.24,0
for,543.12,543.25,0,0.13,0
the,543.25,543.36,0,0.11,0
rest,543.36,543.66,0,0.3,0
of,543.66,543.75,0,0.09,0
the,543.75,543.86,0,0.11,0
L.,543.86,543.97,0,0.11,0
nine,543.97,544.49,0,0.52,0
and,545.3,545.84,0,0.54,0
that,546.28,546.79,0,0.51,0
would,546.79,547.01,0,0.22,0
mean,547.01,547.58,0,0.57,0
that,547.67,547.96,0,0.29,0
essentially,549.74,550.38,0,0.64,0
you,550.38,550.58,0,0.2,0
wouldn't,550.58,550.88,0,0.3,0
be,550.88,550.98,0,0.1,0
able,550.98,551.19,0,0.21,0
to,551.19,551.34,0,0.15,0
brief,551.34,551.69,0,0.35,0
on,551.69,551.82,0,0.13,0
your,551.82,552.02,0,0.2,0
end,552.02,552.26,0,0.24,0
again,552.26,552.91,0,0.65,0
%HESITATION,555.66,556.04,2,0.38,0
I,556.34,556.45,2,0.11,0
wouldn't,556.45,556.79,2,0.34,0
want,556.79,557.01,2,0.22,0
I,557.18,557.33,2,0.15,0
wouldn't,557.33,557.71,2,0.38,0
want,557.71,557.91,2,0.2,0
to,557.91,558.06,2,0.15,0
live,558.06,558.26,2,0.2,0
flight,558.26,558.64,2,0.38,0
%HESITATION,558.67,558.96,2,0.29,0
talk,559.28,559.56,2,0.28,0
to,559.56,559.86,2,0.3,0
fine,560.67,560.91,2,0.24,0
to,561.13,561.31,2,0.18,0
that,561.31,561.59,2,0.28,0
stage,561.59,562.49,2,0.9,0
hi,562.82,563,2,0.18,0
can,563,563.2,2,0.2,0
I,563.2,563.35,2,0.15,0
come,563.35,563.72,2,0.37,0
see,563.72,564.06,2,0.34,0
how,564.06,564.57,2,0.51,0
if,565.05,565.21,2,0.16,0
I,565.21,565.29,2,0.08,0
come,565.29,565.52,2,0.23,0
into,565.84,566.14,2,0.3,0
my,566.14,566.35,2,0.21,0
%HESITATION,566.35,566.69,2,0.34,0
what,566.69,566.88,2,0.19,0
the,566.88,566.99,2,0.11,0
future,566.99,567.56,2,0.57,0
holds,567.56,567.98,2,0.42,0
for,567.98,568.27,2,0.29,0
me,568.27,568.7,2,0.43,0
what,569.39,569.58,2,0.19,0
else,569.58,569.86,2,0.28,0
could,569.86,570.09,2,0.23,0
be,570.09,570.24,2,0.15,0
done,570.24,570.8,2,0.56,0
well,571.32,572.02,0,0.7,0
yes,572.4,572.93,0,0.53,0
I,572.93,572.97,0,0.04,0
mean,572.97,573.17,0,0.2,0
you,573.39,573.52,0,0.13,0
know,573.52,573.63,0,0.11,0
thank,573.63,573.93,0,0.3,0
you,573.93,574.04,0,0.11,0
for,574.04,574.13,0,0.09,0
having,574.13,574.38,0,0.25,0
this,574.38,574.55,0,0.17,0
conversation,574.55,575.4,0,0.85,0
with,575.4,575.64,0,0.24,0
me,575.64,576.07,0,0.43,0
%HESITATION,576.1,576.39,0,0.29,0
and,576.39,576.52,0,0.13,0
the,576.52,576.6,0,0.08,0
chances,576.6,577.21,0,0.61,0
of,577.21,577.4,0,0.19,0
it,577.4,577.61,0,0.21,0
happening,577.85,578.59,0,0.74,0
%HESITATION,579.02,579.63,0,0.61,0
%HESITATION,580.2,580.57,0,0.37,0
if,580.57,580.77,0,0.2,0
possible,580.77,581.33,0,0.56,0
but,581.33,581.53,0,0.2,0
if,581.53,581.74,0,0.21,0
you,581.74,581.86,0,0.12,0
so,581.86,582.11,0,0.25,0
you,582.11,582.29,0,0.18,0
remote,582.29,582.78,0,0.49,0
something,582.84,583.43,0,0.59,0
like,583.56,583.82,0,0.26,0
that,583.82,584.03,0,0.21,0
would,584.03,584.16,0,0.13,0
happen,584.16,584.79,0,0.63,0
but,585.51,585.67,0,0.16,0
they're,585.67,585.86,0,0.19,0
all,585.86,586.08,0,0.22,0
saying,586.08,586.57,0,0.49,0
we,586.73,586.94,0,0.21,0
can,586.94,587.13,0,0.19,0
do,587.13,587.47,0,0.34,0
in,587.47,587.62,0,0.15,0
terms,587.62,588.04,0,0.42,0
of,588.04,588.19,0,0.15,0
managing,588.19,588.89,0,0.7,0
your,588.89,589.41,0,0.52,0
symptoms,589.71,590.45,0,0.74,0
if,590.45,590.56,0,0.11,0
you,590.56,590.72,0,0.16,0
disease,590.72,591.29,0,0.57,0
here,591.29,591.62,0,0.33,0
time,591.62,592.33,0,0.71,0
%HESITATION,592.87,593.51,0,0.64,0
and,593.57,594.09,0,0.52,0
that,594.09,594.33,0,0.24,0
she,594.33,594.55,0,0.22,0
may,594.55,594.87,0,0.32,0
kicks,594.87,595.42,0,0.55,0
%HESITATION,595.93,596.53,0,0.6,0
%HESITATION,597.26,597.93,0,0.67,0
make,598.59,599.01,0,0.42,0
it,599.01,599.18,0,0.17,0
much,599.18,599.54,0,0.36,0
more,599.54,599.75,0,0.21,0
comfortable,599.75,600.66,0,0.91,0
for,601.33,601.7,0,0.37,0
you,601.7,602.11,0,0.41,0
%HESITATION,602.59,603.4,0,0.81,0
if,603.66,604.06,0,0.4,0
we're,604.06,604.2,0,0.14,0
looking,604.2,604.61,0,0.41,0
at,604.61,604.89,0,0.28,0
managing,605.05,605.98,0,0.93,0
this,606.3,606.68,0,0.38,0
without,606.68,607.2,0,0.52,0
pushing,607.54,607.94,0,0.4,0
you,607.94,608.1,0,0.16,0
want,608.1,608.31,0,0.21,0
any,608.31,608.69,0,0.38,0
assisted,609.16,609.73,0,0.57,0
ventilation,609.73,610.72,0,0.99,0
so,610.89,611.08,0,0.19,0
to,611.08,611.25,0,0.17,0
speak,611.25,611.86,0,0.61,0
and,613.38,613.72,2,0.34,0
so,614.53,614.71,2,0.18,0
what,614.85,615.19,2,0.34,0
because,615.19,615.38,2,0.19,0
I,615.38,615.51,2,0.13,0
have,615.51,615.76,2,0.25,0
%HESITATION,616.82,616.98,2,0.16,0
%HESITATION,616.98,617.08,2,0.1,0
was,617.08,617.31,2,0.23,0
I,617.31,617.42,2,0.11,0
have,617.42,617.66,2,0.24,0
to,617.66,617.8,2,0.14,0
go,617.8,617.98,2,0.18,0
into,617.98,618.26,2,0.28,0
hospice,618.26,618.72,2,0.46,0
so,618.72,619.05,2,0.33,0
%HESITATION,619.86,620.24,0,0.38,0
we,620.32,620.5,0,0.18,0
can,620.5,620.66,0,0.16,0
do,620.66,620.81,0,0.15,0
lots,620.81,621.15,0,0.34,0
of,621.15,621.25,0,0.1,0
things,621.25,621.58,0,0.33,0
that,621.58,621.72,0,0.14,0
have,621.72,621.94,0,0.22,0
been,621.94,622.24,0,0.3,0
%HESITATION,622.27,622.49,0,0.22,0
in,622.49,622.61,0,0.12,0
terms,622.61,622.91,0,0.3,0
of,622.91,623.03,0,0.12,0
helping,623.03,623.43,0,0.4,0
you,623.43,623.57,0,0.14,0
to,623.57,623.74,0,0.17,0
manage,623.74,624.15,0,0.41,0
systems,624.15,624.64,0,0.49,0
and,624.64,625.05,0,0.41,0
%HESITATION,625.22,625.81,0,0.59,0
and,626.34,626.77,0,0.43,0
%HESITATION,626.77,627.15,0,0.38,0
quick,627.18,627.56,0,0.38,0
we're,627.56,627.69,0,0.13,0
guessing,627.69,628.09,0,0.4,0
bastion,628.09,628.56,0,0.47,0
backset,628.56,629.03,0,0.47,0
managing,629.03,629.47,0,0.44,0
breathlessness,629.47,630.53,0,1.06,0
%HESITATION,630.84,631.12,0,0.28,0
time,631.31,631.9,0,0.59,0
%HESITATION,632.32,632.85,0,0.53,0
and,632.92,633.1,0,0.18,0
those,633.1,633.36,0,0.26,0
two,633.36,633.84,0,0.48,0
%HESITATION,633.87,634.07,0,0.2,0
other,634.07,634.39,0,0.32,0
symptoms,634.39,635.21,0,0.82,0
that,635.21,635.48,0,0.27,0
that,635.55,635.74,0,0.19,0
may,635.74,635.98,0,0.24,0
crop,635.98,636.38,0,0.4,0
up,636.38,636.85,0,0.47,0
%HESITATION,637.35,637.87,0,0.52,0
we,637.9,638.07,0,0.17,0
can,638.07,638.5,0,0.43,0
get,638.56,639.08,0,0.52,0
%HESITATION,639.26,639.45,0,0.19,0
help,639.45,639.79,0,0.34,0
from,639.79,640.18,0,0.39,0
others,640.44,641.09,0,0.65,0
in,641.31,641.49,0,0.18,0
the,641.49,641.61,0,0.12,0
respect,641.61,642.13,0,0.52,0
she,642.13,642.28,0,0.15,0
said,642.28,642.6,0,0.32,0
this,642.6,642.8,0,0.2,0
is,642.8,643.29,0,0.49,0
%HESITATION,643.32,643.91,0,0.59,0
and,644.12,644.29,0,0.17,0
other,644.29,644.54,0,0.25,0
services,644.54,645.45,0,0.91,0
to,645.76,645.92,0,0.16,0
support,645.92,646.5,0,0.58,0
says,646.5,646.79,0,0.29,0
to,646.79,646.92,0,0.13,0
keep,646.92,647.17,0,0.25,0
you,647.17,647.37,0,0.2,0
out,647.37,647.47,0,0.1,0
hunting,647.47,647.92,0,0.45,0
for,647.95,648.27,0,0.32,0
so,648.27,648.37,0,0.1,0
long,648.37,648.55,0,0.18,0
as,648.55,648.67,0,0.12,0
possible,648.67,649.37,0,0.7,0
I'm,651.12,651.33,2,0.21,0
I'm,651.33,651.53,2,0.2,0
called,652.09,652.48,2,0.39,0
to,652.48,652.6,2,0.12,0
me,652.6,652.76,2,0.16,0
%HESITATION,652.76,652.85,2,0.09,0
how,652.85,653.02,2,0.17,0
much,653.02,653.33,2,0.31,0
does,653.33,653.71,2,0.38,0
it,653.71,653.8,2,0.09,0
can,653.8,653.94,2,0.14,0
help,653.94,654.18,2,0.24,0
you,654.18,654.25,2,0.07,0
she,654.25,654.52,2,0.27,0
works,654.52,655.05,2,0.53,0
Dr,655.05,655.58,2,0.53,0
knock,655.58,655.95,2,0.37,0
out,655.95,656.06,2,0.11,0
my,656.06,656.16,2,0.1,0
account,656.16,656.64,2,0.48,0
as,656.64,656.83,2,0.19,0
well,656.83,657.06,2,0.23,0
%HESITATION,657.06,657.32,2,0.26,0
and,657.32,657.66,2,0.34,0
he's,658.19,658.45,2,0.26,0
going,658.45,658.59,2,0.14,0
to,658.59,658.76,2,0.17,0
call,658.76,659.14,2,0.38,0
to,659.14,659.31,2,0.17,0
my,659.31,659.44,2,0.13,0
cat,659.44,659.91,2,0.47,0
what,661.11,661.58,0,0.47,0
if,661.58,661.83,0,0.25,0
you,661.83,662.31,0,0.48,0
if,662.55,662.79,0,0.24,0
you,662.79,663.28,0,0.49,0
if,663.62,663.8,0,0.18,0
you're,663.8,663.96,0,0.16,0
unable,663.96,664.32,0,0.36,0
to,664.82,665.01,0,0.19,0
do,665.33,665.48,0,0.15,0
so,665.48,666.09,0,0.61,0
yeah,666.35,666.68,2,0.33,0
if,666.68,666.93,2,0.25,0
I,666.93,667.04,2,0.11,0
was,667.04,667.24,2,0.2,0
on,667.24,667.42,2,0.18,0
well,667.42,667.77,2,0.35,0
known,667.77,668.01,2,0.24,0
and,668.01,668.31,2,0.3,0
unknown,668.31,668.7,2,0.39,0
risks,668.7,669.17,2,0.47,0
yeah,669.32,669.51,2,0.19,0
hi,669.55,669.86,2,0.31,0
Manuel,669.86,670.34,2,0.48,0
%HESITATION,670.34,670.69,2,0.35,0
or,670.69,670.96,2,0.27,0
if,670.96,671.1,2,0.14,0
I,671.1,671.21,2,0.11,0
was,671.21,671.41,2,0.2,0
evening,671.41,671.77,2,0.36,0
hosted,671.77,672.29,2,0.52,0
so,672.29,672.52,2,0.23,0
these,672.52,672.86,2,0.34,0
listings,672.86,673.39,2,0.53,0
are,673.39,673.53,2,0.14,0
really,673.53,673.78,2,0.25,0
worrying,673.78,674.26,2,0.48,0
me,674.26,674.57,2,0.31,0
my,674.94,675.14,2,0.2,0
cat,675.14,675.55,2,0.41,0
yeah,675.8,676.25,0,0.45,0
yeah,676.34,676.54,0,0.2,0
yeah,676.54,676.77,0,0.23,0
I've,676.77,677.03,0,0.26,0
got,677.03,677.2,0,0.17,0
cats,677.2,677.53,0,0.33,0
too,677.53,677.92,0,0.39,0
I,678.65,678.77,0,0.12,0
knew,678.77,679.05,0,0.28,0
I,679.11,679.18,0,0.07,0
knew,679.18,679.35,0,0.17,0
what,679.35,679.53,0,0.18,0
to,679.53,679.71,0,0.18,0
me,679.71,680.14,0,0.43,0
and,680.65,680.98,0,0.33,0
I,681.01,681.1,0,0.09,0
think,681.1,681.58,0,0.48,0
I,681.81,681.9,0,0.09,0
think,681.9,682.17,0,0.27,0
perhaps,682.17,682.69,0,0.52,0
I'm,682.69,682.81,0,0.12,0
wondering,682.81,683.2,0,0.39,0
if,683.2,683.38,0,0.18,0
it,683.38,683.5,0,0.12,0
would,683.5,683.69,0,0.19,0
be,683.69,683.82,0,0.13,0
a,683.82,683.93,0,0.11,0
good,683.93,684.15,0,0.22,0
idea,684.15,684.74,0,0.59,0
if,684.74,685.06,0,0.32,0
I,685.06,685.22,0,0.16,0
%HESITATION,685.22,685.67,0,0.45,0
%HESITATION,686.32,686.62,0,0.3,0
one,686.62,686.91,0,0.29,0
of,686.91,687.06,0,0.15,0
%HESITATION,687.06,687.49,0,0.43,0
%HESITATION,687.62,688.25,0,0.63,0
social,688.41,688.85,0,0.44,0
workers,688.85,689.43,0,0.58,0
to,689.43,689.88,0,0.45,0
come,690.17,690.41,0,0.24,0
come,690.64,690.89,0,0.25,0
to,690.89,691.06,0,0.17,0
see,691.06,691.27,0,0.21,0
you,691.27,691.42,0,0.15,0
would,691.42,691.55,0,0.13,0
try,691.55,692.01,0,0.46,0
to,692.52,692.67,0,0.15,0
talk,692.67,693,0,0.33,0
to,693,693.15,0,0.15,0
you,693.15,693.22,0,0.07,0
about,693.22,693.63,0,0.41,0
what,693.63,693.88,0,0.25,0
support,693.88,694.29,0,0.41,0
can,694.29,694.43,0,0.14,0
be,694.43,694.56,0,0.13,0
put,694.56,694.89,0,0.33,0
in,694.89,694.99,0,0.1,0
place,694.99,695.4,0,0.41,0
for,695.4,695.64,0,0.24,0
the,695.64,695.74,0,0.1,0
A.,695.74,696.01,0,0.27,0
they,696.98,697.34,0,0.36,0
tend,697.34,697.65,0,0.31,0
to,697.65,697.73,0,0.08,0
the,697.73,697.84,0,0.11,0
practicalities,697.84,698.97,0,1.13,0
should,699,699.33,0,0.33,0
you,699.33,699.44,0,0.11,0
need,699.44,699.77,0,0.33,0
it,699.77,700.06,0,0.29,0
thank,701.52,701.8,2,0.28,0
you,702.3,702.42,2,0.12,0
come,702.42,702.71,2,0.29,0
together,702.71,703.5,2,0.79,0
my,703.55,703.84,2,0.29,0
because,703.87,704.2,2,0.33,0
I,704.2,704.28,2,0.08,0
feel,704.28,704.53,2,0.25,0
like,704.53,704.74,2,0.21,0
I,704.74,704.82,2,0.08,0
know,704.82,705.03,2,0.21,0
you,705.03,705.23,2,0.2,0
know,705.23,705.47,2,0.24,0
Dr,705.47,706.09,2,0.62,0
%HESITATION,706.18,706.76,0,0.58,0
yeah,707.57,707.9,0,0.33,0
I'm,707.9,708.02,0,0.12,0
sure,708.02,708.26,0,0.24,0
we,708.26,708.41,0,0.15,0
could,708.41,708.61,0,0.2,0
see,708.61,708.82,0,0.21,0
that,708.85,709.19,0,0.34,0
I'm,709.75,709.9,0,0.15,0
showing,709.9,710.37,0,0.47,0
that,710.64,710.96,0,0.32,0
%HESITATION,711.46,711.61,0,0.15,0
we,711.61,711.74,0,0.13,0
we,712.05,712.21,0,0.16,0
could,712.21,712.4,0,0.19,0
probably,712.4,712.86,0,0.46,0
continue,712.86,713.6,0,0.74,0
this,714.29,714.54,0,0.25,0
conversation,714.54,715.68,0,1.14,0
%HESITATION,715.82,716.41,0,0.59,0
at,717.09,717.29,0,0.2,0
that,717.29,717.52,0,0.23,0
time,717.52,718.2,0,0.68,0
%HESITATION,718.75,719.42,0,0.67,0
but,719.45,719.58,0,0.13,0
in,719.58,719.69,0,0.11,0
the,719.69,719.78,0,0.09,0
meantime,719.78,720.71,0,0.93,0
I'm,720.81,721.02,0,0.21,0
just,721.02,721.33,0,0.31,0
wondering,721.33,722.06,0,0.73,0
%HESITATION,722.09,722.58,0,0.49,0
if,723.1,723.45,0,0.35,0
%HESITATION,723.71,724.32,0,0.61,0
if,725.45,725.64,0,0.19,0
it's,725.64,726,0,0.36,0
something,726.11,726.55,0,0.44,0
else,726.55,726.96,0,0.41,0
that,726.96,727.24,0,0.28,0
you,727.58,728.18,0,0.6,0
you,728.68,728.97,0,0.29,0
think,728.97,729.29,0,0.32,0
you,729.29,729.43,0,0.14,0
would,729.43,729.58,0,0.15,0
like,729.58,729.82,0,0.24,0
to,729.82,730.01,0,0.19,0
know,730.01,730.24,0,0.23,0
about,730.24,730.65,0,0.41,0
so,732.74,733.03,2,0.29,0
if,733.03,733.27,2,0.24,0
I'm,733.27,733.58,2,0.31,0
just,733.58,733.83,2,0.25,0
trying,733.83,734.2,2,0.37,0
to,734.48,734.82,2,0.34,0
so,734.85,735.16,2,0.31,0
you,735.16,735.44,2,0.28,0
were,735.44,735.61,2,0.17,0
trying,735.61,736.06,2,0.45,0
to,736.06,736.13,2,0.07,0
help,736.13,736.35,2,0.22,0
my,736.35,736.48,2,0.13,0
symptoms,736.48,737.12,2,0.64,0
%HESITATION,737.12,737.23,2,0.11,0
huh,737.23,737.54,2,0.31,0
in,737.54,737.77,2,0.23,0
so,737.77,737.93,2,0.16,0
you,737.93,738.04,2,0.11,0
can,738.04,738.28,2,0.24,0
come,738.28,738.51,2,0.23,0
and,738.51,738.64,2,0.13,0
see,738.64,738.97,2,0.33,0
me,738.97,739.65,2,0.68,0
that's,739.93,740.26,2,0.33,0
correct,740.26,741.06,2,0.8,0
but,741.56,741.83,2,0.27,0
there,741.83,741.99,2,0.16,0
might,741.99,742.38,2,0.39,0
be,742.38,742.48,2,0.1,0
a,742.48,742.53,2,0.05,0
situation,742.53,743.41,2,0.88,0
where,743.41,743.62,2,0.21,0
%HESITATION,743.62,743.73,2,0.11,0
if,743.73,744.02,2,0.29,0
I,744.02,744.11,2,0.09,0
do,744.11,744.44,2,0.33,0
get,744.44,744.69,2,0.25,0
West,744.69,745.15,2,0.46,0
Indian,745.15,745.44,2,0.29,0
fiction,745.44,745.95,2,0.51,0
get,745.95,746.2,2,0.25,0
sold,746.2,746.6,2,0.4,0
and,746.6,746.71,2,0.11,0
I'm,746.71,746.84,2,0.13,0
unable,746.84,747.31,2,0.47,0
to,747.31,747.47,2,0.16,0
breathe,747.47,747.82,2,0.35,0
%HESITATION,747.82,748,2,0.18,0
have,748,748.18,2,0.18,0
to,748.18,748.51,2,0.33,0
I,748.86,748.98,2,0.12,0
will,748.98,749.49,2,0.51,0
really,750.3,750.77,2,0.47,0
need,750.77,751.08,2,0.31,0
to,751.08,751.21,2,0.13,0
go,751.21,751.38,2,0.17,0
into,751.38,751.65,2,0.27,0
hospital,751.65,752.56,2,0.91,0
that,753.41,753.63,2,0.22,0
is,753.66,753.86,2,0.2,0
not,753.86,754.1,2,0.24,0
right,754.1,754.61,2,0.51,0
%HESITATION,755.01,755.35,0,0.34,0
well,755.45,755.95,0,0.5,0
yes,757.81,758.46,0,0.65,0
yes,758.46,758.89,0,0.43,0
and,758.89,759.12,0,0.23,0
no,759.12,759.3,0,0.18,0
%HESITATION,759.8,760.41,0,0.61,0
in,760.74,761.06,0,0.32,0
that,761.06,761.56,0,0.5,0
my,762.37,762.7,0,0.33,0
hope,762.7,763.07,0,0.37,0
is,763.07,763.29,0,0.22,0
that,763.29,763.47,0,0.18,0
we,763.47,763.82,0,0.35,0
would,763.82,764.23,0,0.41,0
see,764.89,765.27,0,0.38,0
what,765.27,765.42,0,0.15,0
Hon,765.5,766.14,0,0.64,0
well,766.25,766.42,0,0.17,0
we,766.42,766.56,0,0.14,0
would,766.56,766.72,0,0.16,0
see,766.72,766.92,0,0.2,0
you,766.92,767.06,0,0.14,0
as,767.06,767.19,0,0.13,0
soon,767.19,767.52,0,0.33,0
as,767.52,767.64,0,0.12,0
something,767.64,768.34,0,0.7,0
%HESITATION,768.46,768.78,0,0.32,0
you,768.78,769.02,0,0.24,0
became,769.02,769.46,0,0.44,0
an,769.46,769.6,0,0.14,0
well,769.6,770.03,0,0.43,0
we,770.03,770.16,0,0.13,0
would,770.16,770.31,0,0.15,0
have,770.31,770.47,0,0.16,0
the,770.47,770.56,0,0.09,0
conversation,770.56,771.3,0,0.74,0
again,771.3,771.6,0,0.3,0
about,771.6,771.87,0,0.27,0
what,771.87,772.06,0,0.19,0
he,772.06,772.18,0,0.12,0
wanted,772.18,772.62,0,0.44,0
to,772.62,772.76,0,0.14,0
do,772.76,773.24,0,0.48,0
you've,773.57,773.9,0,0.33,0
got,773.9,774.12,0,0.22,0
your,774.12,774.28,0,0.16,0
rescue,774.28,774.99,0,0.71,0
medication,775.02,775.78,0,0.76,0
that,775.78,776.01,0,0.23,0
will,776.01,776.16,0,0.15,0
read,776.16,776.39,0,0.23,0
see,776.39,776.78,0,0.39,0
%HESITATION,777.14,777.37,0,0.23,0
that,777.37,777.52,0,0.15,0
you,777.52,777.69,0,0.17,0
can,777.69,777.89,0,0.2,0
just,777.89,778.13,0,0.24,0
%HESITATION,778.13,778.59,0,0.46,0
%HESITATION,779.21,779.78,0,0.57,0
and,779.82,780.45,0,0.63,0
you've,780.8,781.05,0,0.25,0
got,781.05,781.27,0,0.22,0
your,781.27,781.69,0,0.42,0
your,781.72,781.94,0,0.22,0
nebulizer,781.94,783.05,0,1.11,0
as,783.21,783.41,0,0.2,0
well,783.41,783.9,0,0.49,0
%HESITATION,785.15,785.43,0,0.28,0
but,785.43,785.63,0,0.2,0
if,785.63,786.1,0,0.47,0
you've,786.1,786.33,0,0.23,0
got,786.33,786.64,0,0.31,0
really,786.64,787.09,0,0.45,0
on,787.09,787.27,0,0.18,0
well,787.27,787.65,0,0.38,0
with,787.65,787.83,0,0.18,0
the,787.83,788.18,0,0.35,0
temperature,788.36,789.02,0,0.66,0
and,789.02,789.21,0,0.19,0
so,789.21,789.49,0,0.28,0
on,789.49,789.97,0,0.48,0
%HESITATION,790.4,791.08,0,0.68,0
it,791.68,791.89,0,0.21,0
may,791.89,792.38,0,0.49,0
benefit,792.38,792.95,0,0.57,0
you,792.95,793.4,0,0.45,0
to,793.43,793.73,0,0.3,0
have,793.73,794,0,0.27,0
send,794,794.36,0,0.36,0
us,794.39,794.61,0,0.22,0
your,794.61,794.7,0,0.09,0
final,794.7,795,0,0.3,0
six,795,795.4,0,0.4,0
into,795.43,795.85,0,0.42,0
the,795.85,795.96,0,0.11,0
same,795.96,796.62,0,0.66,0
in,796.88,797.02,0,0.14,0
the,797.02,797.11,0,0.09,0
first,797.11,797.52,0,0.41,0
instance,797.52,798.34,0,0.82,0
%HESITATION,798.66,799.07,0,0.41,0
and,799.07,799.33,0,0.26,0
we,799.33,799.49,0,0.16,0
do,799.49,799.87,0,0.38,0
have,799.87,800.2,0,0.33,0
services,800.2,801,0,0.8,0
that,801,801.2,0,0.2,0
can,801.23,801.42,0,0.19,0
come,801.42,801.65,0,0.23,0
home,801.65,801.97,0,0.32,0
and,801.97,802.15,0,0.18,0
do,802.15,802.37,0,0.22,0
that,802.37,802.66,0,0.29,0
now,802.66,803.23,0,0.57,0
%HESITATION,803.57,803.96,0,0.39,0
but,803.96,804.37,0,0.41,0
it's,804.6,804.89,0,0.29,0
mostly,804.89,805.21,0,0.32,0
it's,805.25,805.53,0,0.28,0
mostly,805.53,805.78,0,0.25,0
guaranteed,805.78,806.63,0,0.85,0
saying,806.63,807.02,0,0.39,0
perhaps,807.02,807.51,0,0.49,0
it,807.51,807.62,0,0.11,0
would,807.62,807.8,0,0.18,0
be,807.8,807.95,0,0.15,0
better,807.95,808.22,0,0.27,0
to,808.22,808.39,0,0.17,0
be,808.39,808.52,0,0.13,0
in,808.52,808.63,0,0.11,0
hospital,808.63,809.24,0,0.61,0
for,809.24,809.52,0,0.28,0
a,809.52,809.57,0,0.05,0
day,809.57,809.83,0,0.26,0
or,809.83,810.03,0,0.2,0
two,810.03,810.47,0,0.44,0
and,810.92,811.14,0,0.22,0
then,811.14,811.36,0,0.22,0
think,811.36,811.64,0,0.28,0
about,811.64,811.98,0,0.34,0
coming,811.98,812.46,0,0.48,0
coming,812.61,812.95,0,0.34,0
out,812.95,813.14,0,0.19,0
again,813.26,813.78,0,0.52,0
but,814.38,814.54,0,0.16,0
I'm,814.54,814.67,0,0.13,0
a,814.67,814.77,0,0.1,0
wed,814.77,815.26,0,0.49,0
that,815.26,815.59,0,0.33,0
%HESITATION,815.67,816.17,0,0.5,0
how,816.24,816.46,0,0.22,0
much,816.46,816.87,0,0.41,0
you,816.87,817.25,0,0.38,0
you,817.55,817.75,0,0.2,0
really,817.75,818.03,0,0.28,0
don't,818.03,818.31,0,0.28,0
like,818.31,818.56,0,0.25,0
being,818.56,818.89,0,0.33,0
then,818.89,819.4,0,0.51,0
would,819.56,819.76,0,0.2,0
prefer,819.76,820.15,0,0.39,0
not,820.15,820.47,0,0.32,0
to,820.47,820.59,0,0.12,0
go,820.59,820.78,0,0.19,0
there,820.78,821.09,0,0.31,0
if,821.09,821.25,0,0.16,0
it's,821.25,821.43,0,0.18,0
all,821.43,821.55,0,0.12,0
possible,821.55,822.34,0,0.79,0
yes,823.15,823.59,2,0.44,0
costs,823.82,824.18,2,0.36,0
however,824.18,824.59,2,0.41,0
trying,824.59,824.87,2,0.28,0
to,824.87,825.01,2,0.14,0
stay,825.01,825.3,2,0.29,0
high,825.3,825.61,2,0.31,0
and,825.61,825.8,2,0.19,0
topped,825.8,826.12,2,0.32,0
%HESITATION,826.12,826.42,2,0.3,0
yeah,826.92,827.33,0,0.41,0
so,828.77,828.9,0,0.13,0
I,828.9,828.94,0,0.04,0
think,828.94,829.21,0,0.27,0
we,829.21,829.31,0,0.1,0
need,829.31,829.61,0,0.3,0
to,829.61,829.82,0,0.21,0
talk,830.43,830.75,0,0.32,0
to,830.75,830.82,0,0.07,0
him,830.82,830.96,0,0.14,0
%HESITATION,830.96,831.24,0,0.28,0
took,831.27,831.56,0,0.29,0
some,831.56,831.72,0,0.16,0
more,831.72,831.92,0,0.2,0
face,831.92,832.26,0,0.34,0
to,832.26,832.41,0,0.15,0
face,832.41,833.03,0,0.62,0
and,833.06,833.5,0,0.44,0
%HESITATION,833.53,833.86,0,0.33,0
I,833.86,833.96,0,0.1,0
can,833.96,834.15,0,0.19,0
come,834.15,834.31,0,0.16,0
and,834.31,834.45,0,0.14,0
see,834.45,834.7,0,0.25,0
what,834.7,834.86,0,0.16,0
high,834.86,835.25,0,0.39,0
%HESITATION,835.76,836.12,0,0.36,0
possibly,836.15,836.65,0,0.5,0
next,836.65,837.08,0,0.43,0
week,837.08,837.66,0,0.58,0
%HESITATION,837.85,838.42,0,0.57,0
to,838.89,839.41,0,0.52,0
continue,839.44,840.03,0,0.59,0
with,840.03,840.19,0,0.16,0
the,840.19,840.29,0,0.1,0
conversation,840.29,841.41,0,1.12,0
and,841.73,841.93,0,0.2,0
think,842.21,842.46,0,0.25,0
about,842.46,843.02,0,0.56,0
%HESITATION,843.07,843.56,0,0.49,0
your,844.08,844.32,0,0.24,0
preferences,844.67,845.63,0,0.96,0
and,845.63,845.92,0,0.29,0
where,845.92,846.11,0,0.19,0
you'd,846.11,846.43,0,0.32,0
like,846.43,846.69,0,0.26,0
to,846.69,847.17,0,0.48,0
to,847.2,847.39,0,0.19,0
be,847.39,847.97,0,0.58,0
%HESITATION,848.46,848.9,0,0.44,0
until,848.98,849.29,0,0.31,0
say,849.29,849.49,0,0.2,0
some,849.49,849.72,0,0.23,0
other,849.72,850,0,0.28,0
things,850,850.45,0,0.45,0
as,850.45,850.58,0,0.13,0
well,850.58,850.95,0,0.37,0
so,850.95,851.13,0,0.18,0
would,851.38,851.71,0,0.33,0
it,851.71,851.81,0,0.1,0
be,851.81,851.94,0,0.13,0
okay,851.94,852.49,0,0.55,0
if,852.49,852.81,0,0.32,0
I,852.81,853.22,0,0.41,0
put,853.28,853.54,0,0.26,0
some,853.54,853.69,0,0.15,0
let,853.69,853.94,0,0.25,0
to,853.94,854.1,0,0.16,0
check,854.1,854.39,0,0.29,0
because,854.39,854.55,0,0.16,0
in,854.55,854.64,0,0.09,0
the,854.64,854.77,0,0.13,0
flyer,854.77,855.04,0,0.27,0
in,855.04,855.17,0,0.13,0
the,855.17,855.26,0,0.09,0
post,855.26,855.73,0,0.47,0
you,855.73,855.93,0,0.2,0
gave,855.93,856.3,0,0.37,0
about,856.8,857.39,0,0.59,0
it's,857.51,857.71,0,0.2,0
coded,857.71,858.13,0,0.42,0
bounce,858.13,858.49,0,0.36,0
captioning,858.49,859.39,0,0.9,0
about,859.42,859.74,0,0.32,0
what,859.74,859.9,0,0.16,0
your,859.9,860.05,0,0.15,0
wishes,860.05,860.5,0,0.45,0
preferences,860.55,861.32,0,0.77,0
would,861.32,861.48,0,0.16,0
be,861.48,861.93,0,0.45,0
%HESITATION,862.62,862.89,0,0.27,0
and,862.89,863.07,0,0.18,0
then,863.07,863.19,0,0.12,0
we,863.19,863.31,0,0.12,0
can,863.31,863.48,0,0.17,0
talk,863.48,863.77,0,0.29,0
some,863.77,863.93,0,0.16,0
more,863.93,864.14,0,0.21,0
about,864.14,864.42,0,0.28,0
it,864.52,864.61,0,0.09,0
when,864.61,864.78,0,0.17,0
I,864.78,864.86,0,0.08,0
see,864.86,865.12,0,0.26,0
you,865.12,865.26,0,0.14,0
face,865.26,865.59,0,0.33,0
to,865.59,865.72,0,0.13,0
face,865.72,866.06,0,0.34,0
next,866.06,866.42,0,0.36,0
week,866.42,866.92,0,0.5,0
that's,868.37,868.69,2,0.32,0
our,868.69,868.86,2,0.17,0
service,868.86,869.14,2,0.28,0
phones,869.14,869.59,2,0.45,0
kind,869.59,869.89,2,0.3,0
of,869.89,869.98,2,0.09,0
planning,869.98,870.4,2,0.42,0
that,870.4,870.64,2,0.24,0
sounds,870.64,871.05,2,0.41,0
what,872.02,872.57,2,0.55,0
can,872.57,872.72,2,0.15,0
you,872.72,872.82,2,0.1,0
tell,872.82,873.05,2,0.23,0
me,873.05,873.17,2,0.12,0
a,873.17,873.2,2,0.03,0
little,873.2,873.43,2,0.23,0
bit,873.43,873.6,2,0.17,0
more,873.6,873.92,2,0.32,0
about,873.92,874.19,2,0.27,0
what,874.19,874.38,2,0.19,0
that,874.38,874.57,2,0.19,0
means,874.57,875.4,2,0.83,0
yeah,875.89,876.21,0,0.32,0
there,876.21,876.52,0,0.31,0
%HESITATION,876.52,876.99,0,0.47,0
cause,877.12,877.37,0,0.25,0
for,877.37,877.49,0,0.12,0
ten,877.49,877.92,0,0.43,0
%HESITATION,877.97,878.18,0,0.21,0
%HESITATION,878.18,878.56,0,0.38,0
T.,879.56,879.86,0,0.3,0
types,879.86,880.36,0,0.5,0
is,880.36,880.69,0,0.33,0
sending,881.08,881.8,0,0.72,0
its,882.03,882.27,0,0.24,0
designs,882.27,883.01,0,0.74,0
to,883.01,883.13,0,0.12,0
people,883.13,883.93,0,0.8,0
%HESITATION,884.27,884.92,0,0.65,0
to,885.13,885.77,0,0.64,0
%HESITATION,886.14,886.73,0,0.59,0
have,887.02,887.46,0,0.44,0
thanks,888.83,889.15,0,0.32,0
bye,889.15,889.41,0,0.26,0
we've,889.48,889.75,0,0.27,0
called,889.75,890.01,0,0.26,0
long,890.01,890.31,0,0.3,0
term,890.31,890.65,0,0.34,0
conditions,890.65,891.38,0,0.73,0
of,891.38,891.52,0,0.14,0
which,891.52,891.97,0,0.45,0
C.,892,892.22,0,0.22,0
A.,892.22,892.33,0,0.11,0
P.,892.33,892.67,0,0.34,0
T.,892.67,893.18,0,0.51,0
I'm,893.5,893.66,0,0.16,0
if,893.66,893.82,0,0.16,0
I,893.82,893.88,0,0.06,0
can,893.88,894.07,0,0.19,0
call,894.07,894.33,0,0.26,0
it,894.33,894.5,0,0.17,0
that,894.5,894.8,0,0.3,0
is,894.83,895.13,0,0.3,0
one,895.13,895.74,0,0.61,0
and,896.13,896.72,0,0.59,0
it's,896.75,897.14,0,0.39,0
it's,897.17,897.55,0,0.38,0
to,897.55,897.72,0,0.17,0
help,897.72,898.08,0,0.36,0
people,898.08,898.65,0,0.57,0
to,898.65,899,0,0.35,0
think,899,899.35,0,0.35,0
about,899.35,899.79,0,0.44,0
planning,899.79,900.18,0,0.39,0
for,900.18,900.35,0,0.17,0
the,900.35,900.5,0,0.15,0
beach,900.5,900.94,0,0.44,0
%HESITATION,900.94,901.23,0,0.29,0
and,901.62,902.09,0,0.47,0
%HESITATION,902.24,902.75,0,0.51,0
intensive,902.78,903.48,0,0.7,0
where,904.29,904.66,0,0.37,0
they,904.66,904.79,0,0.13,0
cannot,904.79,905.21,0,0.42,0
be,905.24,905.52,0,0.28,0
%HESITATION,905.55,905.74,0,0.19,0
they'd,905.74,905.94,0,0.2,0
like,905.94,906.21,0,0.27,0
to,906.21,906.56,0,0.35,0
look,906.77,907.06,0,0.29,0
off,907.06,907.35,0,0.29,0
to,907.35,907.49,0,0.14,0
them,907.49,907.9,0,0.41,0
%HESITATION,908.18,908.71,0,0.53,0
what,908.71,908.95,0,0.24,0
kind,908.95,909.16,0,0.21,0
of,909.16,909.25,0,0.09,0
treatments,909.25,909.88,0,0.63,0
they,909.88,910.07,0,0.19,0
would,910.07,910.36,0,0.29,0
wish,910.36,910.95,0,0.59,0
to,910.95,911.15,0,0.2,0
happenings,911.15,911.91,0,0.76,0
at,911.91,912.08,0,0.17,0
what,912.08,912.25,0,0.17,0
kind,912.25,912.43,0,0.18,0
of,912.43,912.52,0,0.09,0
treatments,912.52,913.02,0,0.5,0
they,913.02,913.19,0,0.17,0
would,913.19,913.45,0,0.26,0
concern,913.45,913.92,0,0.47,0
not,913.92,914.21,0,0.29,0
to,914.21,914.34,0,0.13,0
have,914.34,914.85,0,0.51,0
%HESITATION,915.48,916.1,0,0.62,0
and,916.42,916.91,0,0.49,0
there's,916.97,917.18,0,0.21,0
a,917.18,917.24,0,0.06,0
hole,917.24,917.43,0,0.19,0
in,917.43,917.54,0,0.11,0
this,917.54,917.83,0,0.29,0
just,917.83,918.19,0,0.36,0
%HESITATION,918.28,918.52,0,0.24,0
%HESITATION,918.78,919.33,0,0.55,0
%HESITATION,920,920.27,0,0.27,0
thing,920.27,920.57,0,0.3,0
that,920.63,920.76,0,0.13,0
you,920.76,920.91,0,0.15,0
can,920.91,921.35,0,0.44,0
%HESITATION,921.52,922.12,0,0.6,0
you,922.77,922.92,0,0.15,0
can,922.92,923.1,0,0.18,0
put,923.1,923.38,0,0.28,0
in,923.38,923.54,0,0.16,0
it,923.54,923.88,0,0.34,0
but,924.3,924.54,0,0.24,0
it,924.54,924.7,0,0.16,0
really,924.7,925.04,0,0.34,0
is,925.04,925.24,0,0.2,0
that,925.24,925.71,0,0.47,0
in,925.78,925.9,0,0.12,0
order,925.9,926.25,0,0.35,0
for,926.38,927.11,0,0.73,0
someone,927.41,927.92,0,0.51,0
to,927.92,928.62,0,0.7,0
thanks,929.01,929.56,0,0.55,0
in,929.59,929.74,0,0.15,0
advance,929.74,930.44,0,0.7,0
what,930.44,930.65,0,0.21,0
they,930.65,930.78,0,0.13,0
wish,930.78,931.09,0,0.31,0
is,931.09,931.25,0,0.16,0
incorrect,931.25,931.62,0,0.37,0
%HESITATION,933.19,933.76,0,0.57,0
should,933.9,934.27,0,0.37,0
bank,934.27,934.52,0,0.25,0
no,934.52,934.84,0,0.32,0
****,934.87,935.25,0,0.38,0
if,935.25,935.42,0,0.17,0
they're,935.42,935.57,0,0.15,0
not,935.57,935.76,0,0.19,0
able,935.79,936.2,0,0.41,0
to,936.2,936.73,0,0.53,0
help,937.03,937.36,0,0.33,0
you,937.36,937.59,0,0.23,0
%HESITATION,939.36,939.92,0,0.56,0
%HESITATION,940.05,940.3,0,0.25,0
so,940.3,940.57,0,0.27,0
it,941.1,941.29,0,0.19,0
would,941.29,941.45,0,0.16,0
only,941.45,941.71,0,0.26,0
come,941.71,941.99,0,0.28,0
into,941.99,942.29,0,0.3,0
play,942.29,942.78,0,0.49,0
if,942.87,943.04,0,0.17,0
you,943.04,943.2,0,0.16,0
pay,943.2,943.53,0,0.33,0
if,943.53,943.72,0,0.19,0
you,943.72,944.07,0,0.35,0
if,944.1,944.26,0,0.16,0
you,944.26,944.4,0,0.14,0
weren't,944.4,944.66,0,0.26,0
able,944.66,944.94,0,0.28,0
to,944.94,945.1,0,0.16,0
speak,945.1,945.42,0,0.32,0
to,945.9,946.17,0,0.27,0
to,946.29,946.48,0,0.19,0
us,946.48,946.72,0,0.24,0
yourself,946.72,947.38,0,0.66,0
about,947.38,947.62,0,0.24,0
it,947.82,948.07,0,0.25,0
so,948.44,948.58,0,0.14,0
we,948.58,948.75,0,0.17,0
we've,949.41,949.66,0,0.25,0
got,949.66,949.81,0,0.15,0
it,949.81,949.9,0,0.09,0
and,949.9,950.02,0,0.12,0
then,950.02,950.19,0,0.17,0
take,950.19,950.47,0,0.28,0
them,950.47,951.05,0,0.58,0
%HESITATION,951.48,951.93,0,0.45,0
so,952.02,952.31,0,0.29,0
it's,952.31,952.58,0,0.27,0
it's,952.61,952.91,0,0.3,0
what,952.91,953.16,0,0.25,0
it,953.16,953.27,0,0.11,0
is,953.27,953.43,0,0.16,0
it's,953.43,953.59,0,0.16,0
kept,953.59,954.01,0,0.42,0
sending,954.01,954.37,0,0.36,0
in,954.37,954.55,0,0.18,0
that,954.55,954.7,0,0.15,0
bones,954.7,955.4,0,0.7,0
if,955.44,955.68,0,0.24,0
you,955.68,955.79,0,0.11,0
like,955.79,956.11,0,0.32,0
crop,956.11,956.44,0,0.33,0
is,956.44,956.58,0,0.14,0
an,956.58,956.95,0,0.37,0
Exxon,957.51,958.1,0,0.59,0
%HESITATION,958.24,958.47,0,0.23,0
saying,958.47,958.91,0,0.44,0
as,958.95,959.1,0,0.15,0
a,959.1,959.17,0,0.07,0
higher,959.17,959.56,0,0.39,0
level,959.56,960.07,0,0.51,0
Inc,960.07,960.29,0,0.22,0
me,960.29,960.6,0,0.31,0
planning,960.91,961.3,0,0.39,0
for,961.3,961.46,0,0.16,0
your,961.46,961.59,0,0.13,0
future,961.59,962.24,0,0.65,0
much,962.54,962.89,0,0.35,0
in,962.89,963.01,0,0.12,0
the,963.01,963.1,0,0.09,0
way,963.1,963.4,0,0.3,0
that,963.4,963.68,0,0.28,0
you,963.73,963.86,0,0.13,0
know,963.86,964.01,0,0.15,0
we,964.01,964.33,0,0.32,0
we,964.36,964.57,0,0.21,0
think,964.57,964.81,0,0.24,0
about,964.81,965.3,0,0.49,0
%HESITATION,965.63,966.15,0,0.52,0
making,966.44,966.81,0,0.37,0
all,966.81,966.99,0,0.18,0
wheels,966.99,967.67,0,0.68,0
and,967.71,967.9,0,0.19,0
things,967.9,968.47,0,0.57,0
if,968.82,969.09,0,0.27,0
this,969.09,969.3,0,0.21,0
is,969.3,969.4,0,0.1,0
about,969.4,969.96,0,0.56,0
you,970.15,970.24,0,0.09,0
know,970.24,970.39,0,0.15,0
wait,970.39,970.77,0,0.38,0
let's,970.77,971.06,0,0.29,0
be,971.06,971.23,0,0.17,0
who,971.23,971.4,0,0.17,0
you'd,971.4,971.63,0,0.23,0
like,971.63,971.93,0,0.3,0
to,971.93,972.08,0,0.15,0
be,972.08,972.26,0,0.18,0
looking,972.26,972.55,0,0.29,0
L.,972.55,972.85,0,0.3,0
C.,972.91,973.12,0,0.21,0
H.,973.12,973.4,0,0.28,0
%HESITATION,973.93,974.62,0,0.69,0
and,974.66,975.07,0,0.41,0
we,975.1,975.29,0,0.19,0
can,975.29,975.48,0,0.19,0
talk,975.48,975.79,0,0.31,0
about,975.79,976.12,0,0.33,0
what,976.12,976.29,0,0.17,0
they,976.29,976.44,0,0.15,0
saw,976.44,976.66,0,0.22,0
things,976.96,977.29,0,0.33,0
when,977.29,977.43,0,0.14,0
I,977.43,977.51,0,0.08,0
come,977.51,978.05,0,0.54,0
come,978.51,978.74,0,0.23,0
to,978.74,978.85,0,0.11,0
gate,979.05,979.52,0,0.47,0
hi,980.05,980.26,2,0.21,0
Kim,980.26,980.58,2,0.32,0
can,980.58,980.79,2,0.21,0
my,980.79,981.02,2,0.23,0
my,981.63,981.82,2,0.19,0
two,981.82,982.13,2,0.31,0
very,982.39,982.63,2,0.24,0
important,982.63,983.13,2,0.5,0
to,983.13,983.29,2,0.16,0
me,983.29,983.49,2,0.2,0
because,983.49,983.72,2,0.23,0
she,983.72,983.98,2,0.26,0
C.,983.98,984.12,2,0.14,0
as,984.12,984.27,2,0.15,0
in,984.27,984.4,2,0.13,0
A.,984.4,984.53,2,0.13,0
C.,984.53,984.82,2,0.29,0
as,984.82,985.01,2,0.19,0
well,985.01,985.27,2,0.26,0
talk,985.27,985.61,2,0.34,0
to,985.61,985.9,2,0.29,0
bury,986.19,986.5,0,0.31,0
a,987.09,987.28,0,0.19,0
series,987.57,987.96,0,0.39,0
I,987.96,988.07,0,0.11,0
definitely,988.07,988.87,0,0.8,0
yeah,989.4,989.62,0,0.22,0
%HESITATION,990.62,991.07,0,0.45,0
and,991.72,992.26,0,0.54,0
and,992.29,992.57,0,0.28,0
secondly,992.57,993.31,0,0.74,0
there,993.31,993.51,0,0.2,0
is,993.51,993.66,0,0.15,0
another,993.66,994.04,0,0.38,0
aspect,994.11,994.69,0,0.58,0
to,994.69,994.91,0,0.22,0
it,994.91,995.11,0,0.2,0
which,995.11,995.41,0,0.3,0
is,995.41,995.78,0,0.37,0
%HESITATION,996.17,996.8,0,0.63,0
it,997.03,997.21,0,0.18,0
it,997.25,997.55,0,0.3,0
really,997.55,997.86,0,0.31,0
is,997.86,998.12,0,0.26,0
a,998.12,998.66,0,0.54,0
%HESITATION,998.69,999.35,0,0.66,0
it's,999.41,999.62,0,0.21,0
called,999.62,999.97,0,0.35,0
advanced,999.97,1000.51,0,0.54,0
decision,1000.51,1001,0,0.49,0
to,1001,1001.2,0,0.2,0
receive,1001.2,1002.09,0,0.89,0
treatment,1002.09,1002.8,0,0.71,0
so,1003.5,1003.83,0,0.33,0
it,1003.83,1004.01,0,0.18,0
would,1004.01,1004.21,0,0.2,0
be,1004.26,1004.77,0,0.51,0
%HESITATION,1004.97,1005.29,0,0.32,0
that,1005.57,1005.82,0,0.25,0
covers,1005.82,1006.26,0,0.44,0
things,1006.26,1006.63,0,0.37,0
like,1006.63,1007.13,0,0.5,0
%HESITATION,1007.54,1008.15,0,0.61,0
it,1008.68,1008.83,0,0.15,0
has,1008.83,1009.03,0,0.2,0
to,1009.03,1009.14,0,0.11,0
be,1009.14,1009.25,0,0.11,0
very,1009.25,1009.58,0,0.33,0
specific,1009.58,1010.39,0,0.81,0
but,1010.39,1010.54,0,0.15,0
it,1010.54,1010.68,0,0.14,0
would,1010.68,1010.93,0,0.25,0
it,1010.99,1011.22,0,0.23,0
would,1011.22,1011.4,0,0.18,0
cover,1011.4,1011.68,0,0.28,0
things,1011.68,1012.15,0,0.47,0
like,1012.15,1012.45,0,0.3,0
%HESITATION,1013.05,1013.87,0,0.82,0
saying,1013.92,1014.32,0,0.4,0
it's,1014.32,1014.57,0,0.25,0
on,1014.57,1014.84,0,0.27,0
I,1014.87,1015.01,0,0.14,0
do,1015.01,1015.2,0,0.19,0
not,1015.2,1015.46,0,0.26,0
ever,1015.49,1015.75,0,0.26,0
want,1015.75,1016.05,0,0.3,0
to,1016.08,1016.18,0,0.1,0
put,1016.18,1016.43,0,0.25,0
on,1016.43,1016.55,0,0.12,0
a,1016.55,1016.61,0,0.06,0
ventilator,1016.61,1017.46,0,0.85,0
for,1017.52,1017.77,0,0.25,0
my,1017.77,1017.94,0,0.17,0
disease,1017.94,1018.68,0,0.74,0
%HESITATION,1019.09,1019.42,2,0.33,0
because,1019.83,1020.04,2,0.21,0
I,1020.04,1020.1,2,0.06,0
wouldn't,1020.1,1020.42,2,0.32,0
want,1020.42,1020.6,2,0.18,0
not,1020.6,1020.85,2,0.25,0
talk,1020.85,1021.22,2,0.37,0
so,1023.37,1023.52,0,0.15,0
two,1023.52,1023.7,0,0.18,0
things,1023.7,1024.04,0,0.34,0
that,1024.04,1024.15,0,0.11,0
you,1024.15,1024.29,0,0.14,0
could,1024.29,1024.49,0,0.2,0
put,1024.49,1024.77,0,0.28,0
in,1024.77,1025.13,0,0.36,0
you,1025.4,1025.52,0,0.12,0
can,1025.52,1025.68,0,0.16,0
put,1025.68,1025.9,0,0.22,0
into,1025.9,1026.18,0,0.28,0
that,1026.18,1026.38,0,0.2,0
we,1027.41,1027.54,0,0.13,0
need,1027.54,1027.82,0,0.28,0
to,1027.82,1028.1,0,0.28,0
start,1028.1,1028.57,0,0.47,0
the,1028.57,1028.66,0,0.09,0
process,1028.66,1029.35,0,0.69,0
now,1029.35,1029.96,0,0.61,0
%HESITATION,1030.77,1030.89,0,0.12,0
still,1030.89,1031.26,0,0.37,0
relatively,1031.26,1031.97,0,0.71,0
low,1031.97,1032.63,0,0.66,0
and,1033.08,1033.72,0,0.64,0
we,1033.84,1034.06,0,0.22,0
get,1034.06,1034.3,0,0.24,0
to,1034.3,1034.41,0,0.11,0
know,1034.41,1034.59,0,0.18,0
each,1034.59,1034.83,0,0.24,0
other,1034.83,1035.11,0,0.28,0
room,1035.11,1035.3,0,0.19,0
we,1035.3,1035.48,0,0.18,0
can,1035.48,1035.77,0,0.29,0
we,1035.8,1035.94,0,0.14,0
can,1035.94,1036.18,0,0.24,0
write,1036.18,1036.55,0,0.37,0
this,1036.55,1036.71,0,0.16,0
stock,1036.71,1036.98,0,0.27,0
pose,1036.98,1037.27,0,0.29,0
a,1037.27,1037.34,0,0.07,0
calling,1037.34,1037.91,0,0.57,0
it's,1037.94,1038.19,0,0.25,0
not,1038.19,1038.4,0,0.21,0
a,1038.4,1038.47,0,0.07,0
one,1038.47,1038.71,0,0.24,0
off,1038.71,1038.96,0,0.25,0
decision,1038.96,1039.57,0,0.61,0
then,1039.57,1039.73,0,0.16,0
it,1039.73,1039.86,0,0.13,0
can,1039.86,1039.99,0,0.13,0
be,1039.99,1040.12,0,0.13,0
changed,1040.12,1040.82,0,0.7,0
at,1041.13,1041.27,0,0.14,0
any,1041.27,1041.53,0,0.26,0
time,1041.53,1042.21,0,0.68,0
%HESITATION,1042.51,1043.03,0,0.52,0
I,1043.07,1043.13,0,0.06,0
mean,1043.13,1043.26,0,0.13,0
so,1043.26,1043.84,0,0.58,0
and,1044.35,1044.72,0,0.37,0
then,1044.75,1045.11,0,0.36,0
it's,1045.11,1045.35,0,0.24,0
available,1045.35,1046.06,0,0.71,0
for,1046.06,1046.21,0,0.15,0
others,1046.21,1046.65,0,0.44,0
to,1046.65,1046.79,0,0.14,0
see,1046.79,1047.23,0,0.44,0
if,1047.23,1047.4,0,0.17,0
you,1047.4,1047.54,0,0.14,0
would,1047.54,1047.69,0,0.15,0
like,1047.69,1047.99,0,0.3,0
to,1048.16,1048.31,0,0.15,0
see,1048.31,1048.55,0,0.24,0
it,1048.55,1048.76,0,0.21,0
and,1048.83,1048.97,0,0.14,0
I,1048.97,1049.03,0,0.06,0
can,1049.03,1049.23,0,0.2,0
talk,1049.23,1049.52,0,0.29,0
to,1049.52,1049.71,0,0.19,0
a,1049.71,1049.76,0,0.05,0
little,1049.76,1049.96,0,0.2,0
bit,1049.96,1050.09,0,0.13,0
%HESITATION,1050.12,1050.54,0,0.42,0
again,1050.6,1050.87,0,0.27,0
when,1050.87,1051.02,0,0.15,0
I,1051.02,1051.14,0,0.12,0
you,1051.29,1051.73,0,0.44,0
as,1052.16,1052.36,0,0.2,0
well,1052.36,1052.71,0,0.35,0
okay,1053.99,1054.4,2,0.41,0
talk,1054.4,1054.72,2,0.32,0
to,1054.72,1054.87,2,0.15,0
thank,1054.87,1055.21,2,0.34,0
you,1055.21,1055.3,2,0.09,0
very,1055.3,1055.54,2,0.24,0
much,1055.54,1055.76,2,0.22,0
just,1055.76,1055.96,2,0.2,0
good,1056.11,1056.33,2,0.22,0
to,1056.33,1056.83,2,0.5,0
see,1056.86,1057.09,2,0.23,0
you,1057.09,1057.38,2,0.29,0
and,1057.38,1057.71,2,0.33,0
I,1057.71,1057.79,2,0.08,0
look,1057.79,1058.01,2,0.22,0
forward,1058.01,1058.4,2,0.39,0
to,1058.4,1058.56,2,0.16,0
meeting,1058.56,1059.07,2,0.51,0
you,1059.07,1059.24,2,0.17,0
in,1059.24,1059.46,2,0.22,0
person,1059.46,1060.21,2,0.75,0
yes,1060.34,1060.67,0,0.33,0
I,1060.67,1060.77,0,0.1,0
look,1060.77,1060.97,0,0.2,0
forward,1060.97,1061.21,0,0.24,0
to,1061.21,1061.35,0,0.14,0
meeting,1061.35,1061.7,0,0.35,0
you,1061.7,1061.85,0,0.15,0
as,1061.85,1061.98,0,0.13,0
well,1061.98,1062.3,0,0.32,0
%HESITATION,1062.3,1062.57,0,0.27,0
what,1062.6,1062.84,0,0.24,0
time,1062.84,1063.06,0,0.22,0
do,1063.06,1063.25,0,0.19,0
is,1063.25,1063.45,0,0.2,0
I'll,1063.45,1063.62,0,0.17,0
ask,1063.62,1063.96,0,0.34,0
the,1063.96,1064.06,0,0.1,0
receptionist,1064.06,1064.75,0,0.69,0
to,1064.75,1064.86,0,0.11,0
give,1064.86,1065.07,0,0.21,0
you,1065.07,1065.26,0,0.19,0
another,1065.26,1065.64,0,0.38,0
ring,1065.64,1066.21,0,0.57,0
%HESITATION,1066.6,1067.21,0,0.61,0
to,1067.28,1067.66,0,0.38,0
make,1067.69,1067.96,0,0.27,0
the,1067.96,1068.08,0,0.12,0
appointments,1068.08,1068.79,0,0.71,0
and,1068.79,1069,0,0.21,0
it,1069.03,1069.13,0,0.1,0
could,1069.13,1069.26,0,0.13,0
be,1069.26,1069.36,0,0.1,0
a,1069.36,1069.44,0,0.08,0
longer,1069.44,1069.89,0,0.45,0
appointment,1069.89,1070.44,0,0.55,0
and,1070.44,1070.57,0,0.13,0
this,1070.57,1070.73,0,0.16,0
telephone,1070.73,1071.29,0,0.56,0
line,1071.29,1071.68,0,0.39,0
%HESITATION,1072.01,1072.29,0,0.28,0
where,1072.29,1072.45,0,0.16,0
we,1072.45,1072.58,0,0.13,0
can,1072.58,1072.75,0,0.17,0
meet,1072.75,1073,0,0.25,0
Hey,1073.45,1073.78,0,0.33,0
not,1074.72,1074.99,2,0.27,0
valid,1074.99,1075.38,2,0.39,0
for,1075.38,1075.79,2,0.41,0
today,1075.79,1076.1,2,0.31,0
thank,1076.23,1076.53,2,0.3,0
you,1076.53,1076.64,2,0.11,0
talk,1076.64,1076.93,2,0.29,0
to,1076.93,1077.19,2,0.26,0
all,1077.46,1077.62,0,0.16,0
right,1077.62,1077.86,0,0.24,0
then,1077.86,1078.24,0,0.38,0
%HESITATION,1078.27,1078.5,0,0.23,0
if,1078.5,1078.67,0,0.17,0
that's,1078.67,1078.88,0,0.21,0
something,1078.88,1079.22,0,0.34,0
else,1079.22,1079.5,0,0.28,0
that,1079.5,1079.62,0,0.12,0
you,1079.62,1079.75,0,0.13,0
need,1079.75,1079.96,0,0.21,0
to,1079.96,1080.11,0,0.15,0
ask,1080.11,1080.55,0,0.44,0
before,1080.55,1080.86,0,0.31,0
we,1080.86,1080.99,0,0.13,0
will,1080.99,1081.49,0,0.5,0
no,1081.85,1082.4,2,0.55,0
no,1082.4,1082.83,2,0.43,0
no,1082.83,1082.94,2,0.11,0
I've,1082.94,1083.1,2,0.16,0
got,1083.1,1083.29,2,0.19,0
a,1083.42,1083.55,2,0.13,0
quote,1083.55,1084.04,2,0.49,0
to,1084.04,1084.14,2,0.1,0
sink,1084.14,1084.44,2,0.3,0
about,1084.44,1084.81,2,0.37,0
I'll,1084.81,1084.92,2,0.11,0
look,1084.92,1085.17,2,0.25,0
forward,1085.17,1085.51,2,0.34,0
to,1085.51,1085.63,2,0.12,0
that,1085.63,1085.84,2,0.21,0
least,1085.84,1086.26,2,0.42,0
let's,1086.26,1086.58,2,0.32,0
not,1086.58,1086.83,2,0.25,0
come,1086.83,1087,2,0.17,0
retrieve,1087,1087.67,2,0.67,0
that,1087.67,1087.99,2,0.32,0
and,1087.99,1088.11,2,0.12,0
make,1088.11,1088.39,2,0.28,0
any,1088.39,1088.67,2,0.28,0
notes,1088.67,1089.11,2,0.44,0
of,1089.11,1089.23,2,0.12,0
questions,1089.23,1090.24,2,1.01,0
yes,1090.28,1090.53,0,0.25,0
yeah,1092,1092.28,2,0.28,0
when,1092.28,1092.6,2,0.32,0
we,1092.6,1092.74,2,0.14,0
meet,1092.74,1093.08,2,0.34,0
face,1093.08,1093.42,2,0.34,0
to,1093.42,1093.59,2,0.17,0
face,1093.59,1094.08,2,0.49,0
and,1094.08,1094.22,2,0.14,0
I,1094.22,1094.27,2,0.05,0
controlled,1094.27,1094.86,2,0.59,0
through,1094.86,1095.31,2,0.45,0
%HESITATION,1095.78,1096,2,0.22,0
any,1096,1096.26,2,0.26,0
questions,1096.26,1097.05,2,0.79,0
and,1097.05,1097.28,2,0.23,0
doctor,1097.28,1097.84,2,0.56,0
thank,1098.4,1098.67,0,0.27,0
you,1098.67,1098.79,0,0.12,0
very,1098.79,1099.04,0,0.25,0
much,1099.04,1099.29,0,0.25,0
for,1099.29,1099.4,0,0.11,0
your,1099.4,1099.5,0,0.1,0
time,1099.5,1099.85,0,0.35,0
this,1099.85,1100.03,0,0.18,0
is,1100.03,1100.16,0,0.13,0
Brent,1100.16,1100.62,0,0.46,0